,context,response,label,explanation
0,"A: 이런 환절기 날씨 때문에 기분이 참 뒤숭숭하네요.
B: 왜요? 여름과 가을 사이라서요?
A: 네, 그렇습니다. 아침은 선선해서 긴팔을 입고 나가면 낮에는 더워서 땀이 나고, 저녁에는 다시 선선해져서 추워지니까요.",B: 그렇게 옷을 많이 갖고 다녀야겠네요.,Non-Sarcasm,이 대화는 상대방의 기분에 대한 진지한 공감과 날씨 변화에 대한 실제 경험을 나누고 있어 비꼬지 않고 진정한 의사소통이 이루어졌다. B의 대답도 A의 감정을 인정하면서 실질적인 조언을 하고 있어 진지한 대화로 해석된다.
1,"A: 휴가 잘 보내?
B: 응. 근데 날씨가 너무 안 좋아서 별로야.
A: 그런데, 날씨가 휴가를 망치는 건 아니잖아. 여행의 진짜 즐거움은 그게 아니라고.
B: 그래도 좋은 날씨에 해변에서 놀다가 맛있는 음식도 먹고 싶었는데, 이 비 때문에 그런 건 다 못했어.","A: 우와, 비를 좋아하는 사람이라면 정말 좋았겠는걸.",Non-Sarcasm,"A의 대답은 B의 감정을 이해하지 않고 비꼬는 것이 아니라, 실제로 B의 입장을 감안한 진지한 반응을 보여준다. A는 B의 기대와 현실을 비교하며 대화를 이어가고 있기 때문에 비꼬지 않고 적극적으로 소통하고 있음을 알 수 있다."
2,"B: 미국 여행 잘 다녀오셨나요?
A: 네, 잘 다녀왔습니다. 특히 놀이공원의 롤러코스터가 정말 재미있었어요.
B: 그렇군요. 그런데 롤러코스터는 무서운 걸로 알고 있는데요?
A: 처음에는 조금 무서웠지만, 익숙해지니까 정말 재미있더라고요.
B: 그리고 미국에서는 어떤 음식을 즐기셨나요?
A: 저는 주로 패스트푸드를 많이 먹었습니다. 햄버거나 피자 같은 거요.","B: 오, 정말 건강에 좋은 음식들을 많이 즐기셨군요.",Sarcasm,"패스트푸드는 건강에 좋지 않다는 사실을 알고 있음에도 불구하고, 상대방이 패스트푸드를 즐겼다는 것을 건강에 좋은 음식을 즐겼다고 비꼬아 말한다."
3,"B: 이번 주도 역시나 많이 바쁘시군요. 오늘도 야근하실 계획이신가요?
A: 그렇습니다. 제가 맡은 프로젝트가 조금 복잡해서 이번 주 내내 야근할 것 같습니다.
B: 그렇군요. 퇴근 시간이 언제쯤 되실 것 같으세요?
A: 아마 밤 12시가 넘어야 끝날 것 같습니다.","B: 아, 그러니까 일찍 퇴근하시는군요.",Sarcasm,"상대방이 매일 밤 12시가 넘어서야 퇴근한다는 것을 듣고, 이를 마치 일찍 퇴근하는 것처럼 비꼬아 말한다."
4,"B: 그때 생각나? 고등학교 때 영업당한 거.
A: 아, 맞아. 그런 기억이 날 들면 진짜 웃긴다니까.
B: 아니 어떻게 통계 학원을 영업하면서 ""통계는 어렵지 않아요""라고 말해?
A: 아니 그게 말이야, 그건 뭐 그냥 영업사원이 잘못된 표현을 썼을 뿐이지.","B: 아, 너무 쉬워서 심심했겠다.",Sarcasm,A가 B에게 복잡하고 어려운 통계를 쉽다고 하는 영업사원의 말을 비꼬아 말한다.
5,"B: 이번 주말에 식사 어디서 하실 계획이세요?
A: 아직 정해진 건 없지만, 해산물이나 고기를 생각하고 있습니다.
B: 그럼 회는 어떠세요? 해산물 중에서도 많은 사람들이 좋아하잖아요.
A: 아, 저는 해산물은 좋아하지만 회는 별로 좋아하지 않습니다.","B: 해산물을 좋아하는데 회는 별로라니, 그것도 참 특이하신 선호도네요.",Sarcasm,"회는 해산물인데, 그것을 별로 좋아하지 않는다고 했으므로, 그 부분을 긍정적으로 비꼬아 말한다."
6,"A: 저녁에는 무엇을 드실 예정이세요?
B: 어제 고구마를 너무 많이 먹어서, 오늘은 좀 가볍게 해야겠어요. 아마도 아이들이 남긴 밥을 먹을 것 같아요.
A: 그럼 점심에는 어떤 메뉴를 추천드릴까요?
B: 아침에 머핀과 우유를 마셔서 이미 배가 차 있어요.","A: 아, 그러니까 완전히 한 끼를 대신하셨군요.",Sarcasm,"B가 아침에 머핀과 우유를 마셔서 배가 차 있다고 했을 때, 그것이 아침식사로 충분하지 않다는 것을 암시하면서 농담한다."
7,"B: 스위치 게임을 주로 어떤 걸 하시나요?
A: 저는 주로 모동 숲을 많이 해요. 가끔 다른 게임들도 구경하거나 포켓몬을 즐기기도 하죠.
B: 아하, 그럼 스위치를 처음 사게 된 계기가 무엇이었나요?
A: 그건 역시 모동 숲 때문이었어요. 근데 요즘에는 잘 안 하고 있어서 팔까 고민 중이에요.",B: 스위치를 사는 게 이렇게 간단한 결정일 줄 몰랐네요.,Sarcasm,"스위치를 사게 된 이유가 모동 숲이었지만, 요즘에는 잘 안 하고 있다는 B의 말에 실제로는 부정적인 상황인데, 이 상황을 긍정적인 방향으로 비꼬아 말한다."
8,"B: 최근에 결혼을 생각해 보시나요?
A: 네, 사실 그렇습니다. 하지만 현실이 그리 달콤하지만은 않아요.
B: 어떤 부분이 가장 어렵게 느껴지시나요?
A: 뭐니 뭐니 해도 경제적인 부분이 제일 어렵습니다. 생각보다 결혼비용이 많이 드네요.","B: 아, 그래서 결혼은 투자의 일환인가 보군요.",Sarcasm,경제적인 부분에서 어려움을 겪고 있는 B의 상황을 긍정적인 방향으로 비꼬아 말한다.
9,"A: 와 오늘 비 완전 많이 오네. 시원해진 것 같아?
B: 응. 더워서 힘들었는데 시원해서 좋다.
A: 가을 옷도 사야겠다. 너는 이미 쇼핑 다 했어?
B: 아니 나는 아직인데, 너무 일찍 사서 어디에다 두지?
A: 그래도 겨울 준비는 해야지.","B: 응, 이제 겨울 준비를 시작해야겠네. 바로 눈사람 만들러 갈까?",Sarcasm,"A가 겨울 준비를 해야 한다는 말에 대해 B는 실제로는 계절이 아직 가을인데 너무 이른 것 같다는 생각을 하고 있지만, 그것을 긍정적인 것처럼 비꼬아 말한다."
10,"A: 이번 달도 정말 바쁘게 보내셨나요?
B: 네, 연말이다 보니 일이 계속 쌓이더라고요.
A: 아, 그래서 늦게까지 일하셨군요. 
B: 네, 이번 달은 정말 힘들었어요. 아무래도 월말이라 그런 것 같아요.","A: 아, 그러니까 담 달 초에는 일이 없겠네요.",Non-Sarcasm,"이 대화는 상대방의 상황에 대해 진지하게 공감하고 있으며, 비꼬는 어조나 반어적인 표현이 전혀 없기 때문에 non-sarcasm이다. B가 힘든 상황을 이야기하며 A가 그에 대한 이해를 보이는 방식이 직접적이고 진솔하다."
11,"A: 회사가 어디에 위치해 있으세요?
B: 저희 회사는 서울 중심부에 위치해 있습니다. 그런데 제가 살고 있는 집은 부산이라서 출퇴근이 좀 힘들어요.
A: 그렇군요, 그럼 매일 서울에서 부산까지 왕복하시는 건가요?
B: 네, 맞습니다. 좀 멀긴 하지만, 저에게는 이게 최선의 선택이었습니다.",A: 워낙 짧은 거리니까 별로 힘들진 않겠네요.,Sarcasm,상대방이 매일 서울에서 부산까지 출퇴근하는 것을 힘들지 않다고 생각하는 것처럼 비꼬아 말한다.
12,"B: 요즘 홈트레이닝 어떻게 진행하시나요?
A: 하루에 30분씩, 이미 2달 이상 꾸준히 해오고 있어요.
B: 그럼 홈트레이닝에 익숙해져서 더 빡세게 느끼지 못하시는 건가요?
A: 그런 것 같아요. 이제 좀 더 강도 높은 운동을 찾아봐야겠어요.","B: 아, 진짜요? 이제 스포츠 선수로 전향하시려나 봐요.",Sarcasm,"상대방이 강도 높은 운동을 찾아보려고 한다는 것에 대해, 실제로는 부정적인 상황인데 이를 긍정적으로 비꼬아 말한다."
13,"B: 피자나 치킨 둘 중에 어떤 것을 좋아하십니까?
A: 저는 치킨을 좋아합니다. 그런데 제가 살고 있는 곳에는 맛있는 치킨집이 없어서 항상 배달을 시켜 먹어야 해요.
B: 그렇군요, 제가 아는 치킨집이 있는데 거기서 배달도 하니 한번 시켜보세요.","A: 그렇군요, 그럼 거기서 한번 시켜볼게요. 그런데 배달 거리가 멀지 않을까요?",Non-Sarcasm,"이 대화는 상대방의 질문에 대해 진지하게 자신의 취향을 털어놓고, 상대방이 제안한 치킨집에 대해 실제로 시켜볼 의사를 표명하는 내용이기 때문에 non-sarcasm이다. 서로의 의견을 존중하며 소통하고 있는 모습이 드러난다."
14,"B: 인피니트와 빅스의 노래를 좋아하시나요?
A: 네, 둘 다 좋아합니다. 특히, 앨범을 통째로 듣는 것을 좋아합니다.
B: 아, 그렇군요. 그런데 노래를 통째로 듣는 것에는 어려움이 없으신가요?
A: 사실 가끔은 시간이 부족해서 전체 앨범을 듣지 못하는 경우가 있습니다.",B: 그럼 너무 시간이 많아서 할 일이 없겠군요.,Sarcasm,사실 전체 앨범을 듣는 것은 시간적인 부분 때문에 어려울 수 있다. 이 상황에서는 상대방이 시간적인 부분을 핑계로 앨범을 듣지 않는 것을 시간이 많아서 할 일이 없다고 비꼬아 말한다.
15,"B: 요즘 종교에 대해 어떻게 생각하시나요?
A: 아니, 굳이 그런 걸 물어보시는 이유가 있나요?
B: 아니요, 그냥 당신의 의견이 궁금해서 물어봤을 뿐입니다.
A: 저는 그냥 사람들이 너무 강요하는 것 같아서 싫어요.","B: 아하, 그러니까 당신은 종교를 강요받는 걸 좋아하시는군요.",Sarcasm,"상대방이 종교를 강요하는 것을 싫어한다고 했을 때, 그 상황을 마치 좋아하는 것처럼 비꼬아 말한다."
16,"A: 닥터마틴 군화를 보셨어요? 
B: 아, 그 군화 봤어. 사람들이 많이 신더라. 
A: 그 군화는 디자인도 멋있고, 튼튼하다고 해요.
B: 근데 그거 신으면 편한가?
A: 처음엔 좀 아프다는 소리를 들었어요.","B: 아, 그러니까 건강을 위해 발에 마사지를 주는 거구나!",Sarcasm,"닥터마틴 군화가 처음에는 아프다는 말에 대해, 그것을 농담처럼 표현하여 말한다."
17,"A: 주말에 어떤 활동을 하셨나요?
B: 저는 주로 강아지와 함께 산책을 하거나 놀이터에서 놀아요. 그런데 이번 주말에는 비가 와서 잘나가지 못했어요.
A: 아, 그럼 어떻게 시간을 보내셨나요?
B: 차에서 강아지와 함께 노는 시간을 가졌어요. 차 안에서도 충분히 재미있게 놀 수 있더라고요.","A: 차 안에서 그렇게 다양한 활동이 가능하다니, 정말 놀랍네요.",Non-Sarcasm,"이 대화는 두 사람이 서로의 경험에 대해 진지하게 질문하고 답변하며, 강아지와 함께 시간을 보내는 방법에 대해 긍정적인 반응을 보이고 있어서 비꼬거나 풍자하는 것이 아니다. A는 B의 대답에 진정한 흥미를 가지고 반응했기 때문에 non-sarcasm이다."
18,"A: 여행 가려고 이번에 괌 어때?
B: 그래 괌 좋아. 날씨도 좋고, 바다도 좋고.
A: 그럼 여행지는 어디로 할까?
B: 그러게 나도 생각 중이야. 아무래도 해변가가 좋을 것 같아.
A: 숙박 시설은 어떻게 할래?
B: 그냥 가서 볼게. 너무 비싸지 않게 찾아볼게.
A: 수영장이나 레저 시설은 꼭 가야 할 것 같아.
B: 그럼 수영장은 어디로 가?
A: 그건 또 가서 생각해 봐야겠다. 그리고 비행기 티켓은 어떻게 해야 되지?
B: 아 그건 나중에 생각하자. ","A: 그래, 비행기 티켓은 필요 없어. 걸어서 가자!",Sarcasm,"비행기 티켓이 여행 준비의 가장 중요한 부분인데, 이를 마지막에 생각하자고 하는 B의 말에 실제로는 부정적인 상황인데, 이 상황을 긍정적인 방향으로 비꼬아 말한다."
19,"B: 오늘 점심에 무엇을 드시고 싶으세요?
A: 엽떡이나 신전 떡볶이가 좋을 것 같아요.
B: 저는 사실 로제 파스타가 먹고 싶었는데요.
A: 아, 제가 로제를 별로 좋아하지 않아서요.","B: 아, 다행이네요. 제가 맛있게 먹겠습니다.",Non-Sarcasm,"이 대화는 서로의 식사 선호를 진지하게 이야기하는 내용으로, 비꼬거나 풍자는 없고 직접적인 의사소통이 이루어졌기 때문에 non-sarcasm이다. A는 자신의 취향을 솔직하게 표현하였고, B도 기분 나빠하지 않고 긍정적으로 반응하였다."
20,"A: 오늘 브런치 먹으러 어디 갈까?
B: 용산 쪽에 맛있는 브런치 카페 알아?
A: 용산 쪽이라면.. '바이 더 웨이'라는 곳이 좋다고 들었어.
B: 그거 맛있다던데? 알아봐봐.
A: 아 맞아, 그곳은 예약해야 해.
B: 어떻게 예약해?
A: 인터넷으로 하면 돼. 아니면 전화로도 가능해.
B: 전화로 예약하면 어려워. 인터넷으로 하는 게 낫지.","A: 그래, 인터넷 예약은 정말 손가락 굴리기만 하면 되니까.",Sarcasm,"B가 인터넷으로 예약하는 게 편하다는 마지막 말에, 실제로는 그게 더 복잡한 상황인데 이 상황을 간단한 것처럼 비꼬아 말한다."
21,"B: 집에서 베이킹을 좋아하시는군요. 가스오븐이 있으신가요?
A: 아니요, 가스오븐을 쓰다가 인덕션으로 바꿨어요.
B: 그럼 베이킹은 어떻게 하시나요? 인덕션으로도 가능한가요?
A: 아뇨, 그래서 베이킹은 못하고 있어요.","B: 아, 그렇군요. 케이크가 그립지 않으신가 봐요.",Sarcasm,"상대방이 인덕션으로 바꿔서 베이킹을 못하고 있다는 말에 대해 실제로는 부정적인 상황인데, 이를 긍정적인 방향으로 비꼬아 말한다."
22,"A: 저번에 교촌치킨 시켜드셨다며요?
B: 네, 그렇습니다. 사실 교촌치킨을 많이 좋아하거든요.
A: 어떤 메뉴를 가장 좋아하시나요?
B: 저는 교촌의 간장치킨이 제일 맛있더라고요. 
A: 그렇군요, 근데 많이 달지 않나요?
B: 아뇨, 그런 부분은 전혀 신경 쓰지 않아요.","A: 오호, 당신은 정말 건강에 신경을 안 쓰시는군요.",Sarcasm,"A가 B에게 단 간장치킨을 먹는 것에 대해 부정적인 의견을 표현한 후, B가 단 간장치킨에 대한 부정적인 요소를 전혀 신경 쓰지 않는다고 말하면, A는 B의 이런 태도를 비꼬아 답한다."
23,"B: 요즘 어떻게 지내시나요?
A: 아무래도 요즘 기분이 좋지 않아서 좀 예민해지는 것 같아요.
B: 그런가요? 왜 그런지 아시나요?
A: 그냥 사소한 일에도 화가 나고, 누군가가 저를 신경 쓰지 않는 것 같아요.",B: 그럼 이제 세상 모든 사람들이 당신을 신경 써야 하는 건가요?,Sarcasm,"B가 자신이 예민해진 이유로 '누군가가 저를 신경 쓰지 않는다'라고 했을 때, 실제로는 사람들이 B를 많이 신경 쓰고 있음에도 불구하고 그렇게 느낄 수 있음을 비꼬아 말한다."
24,"A: 오늘 저녁에 어떤 요리를 먹어볼까요?
B: 그냥 우리 집에서 고기 파티하자.
A: 좋아요. 어떤 고기를 구워볼까요?
B: 양념갈비 좋지 않을까?
A: 그럼 저녁 준비는 제가 하고, 정리는 당신이 하겠어요?
B: 아니, 고기 굽는 것도 힘들고, 청소는 더 힘들잖아.","A: 네, 그럼 청소는 제가 하면서 운동도 같이 하겠어요.",Sarcasm,"B가 고기를 굽는 것도 힘들고 청소는 더 힘들다고 했을 때, 실제로는 부정적인 상황인데, 이 상황을 긍정적인 방향으로 비꼬아 말한다."
25,B: 만약에 제가 물어보아도 괜찮을까요? 당신의 나이는 얼마나 되시나요?,A: 저는 AI라서 나이라는 개념이 적용되지 않아요.,Non-Sarcasm,"이 대화에서 A는 자신의 정체성을 명확하게 설명하며 나이와 관련된 개념이 자신에게 적용되지 않음을 진지하게 전달하고 있다. 따라서 비꼬거나 풍자하는 것이 아닌, 직접적이고 진솔한 의사소통으로 볼 수 있다."
26,"A: 너는 종이책 좋아해?
B: 응, 나는 종이책 냄새와 그 편안함이 좋아. 그리고 추리소설이나 기묘한 이야기들을 좋아해.
A: 그렇구나. 추리소설은 어떤 게 좋아?",B: 내가 가장 좋아하는 것은 괴물이 나오는 거야. 실제로는 존재하지 않지만 상상 속에서는 현실로 만들 수 있는 게 좋아.,Non-Sarcasm,"이 대화는 상대방의 취향에 대해 진지하게 질문하고 대답하는 형식으로 진행되어, 감정이나 태도를 풍자하거나 비꼬지 않고 솔직하게 표현하고 있다. 따라서 비꼬거나 풍자가 아닌 진지하고 직접적인 의사소통이다."
27,"B: 이렇게 늦은 시간까지 열심히 일하시는군요.
A: 네, 야근이 좀 있어서요.
B: 아, 그럼 저녁은 어떻게 드실 계획이세요?
A: 일이 끝나면 먹을 생각인데요, 아마도 배달 음식을 시킬 것 같아요.","B: 건강에 참 좋겠어요, 매일 밤 배달음식.",Sarcasm,배달 음식을 먹을 것 같다는 B의 말에 건강에 좋지 않은 식습관인 것을 긍정적으로 보는 듯이 비꼬아 말한다.
28,"A: 최근 여자 배구 선수들이 예능에 많이 나오더군요. 
B: 그렇죠, 특히 김희진, 양효진, 김연경 선수들이 많이 화제가 되었죠.
A: 아, 그분들은 정말 예능도 잘하고, 배구도 잘하는 것 같아요.
B: 저도 그렇게 생각합니다. 특히 양효진 선수의 코믹한 모습은 예능에서 빛을 발하더군요.",A: 이런 식으로 가다 보면 배우로 전향해야겠어요.,Non-Sarcasm,"이 대화는 상대방에 대한 긍정적인 평가와 의견을 주고받고 있으며, 특히 예능에서의 활약에 대해 진지하게 이야기하고 있기 때문에 비꼼이나 풍자가 아니다. 또한, A의 말도 일종의 진지한 유머로, 상황에 대한 진심 어린 관찰을 드러내고 있다."
29,"A: 요즘 어때? 괜찮아?
B: 배가 좀 아파. 아마 배탈 걸린 것 같아.
A: 그럼 병원에 가보는 게 어때?
B: 일이 너무 바빠서 병원에 가기가 어려워.","A: 우와, 너 진짜 업무에 전념하는 모습 멋지다.",Sarcasm,"B가 건강을 소홀히 하고 일에만 치중하고 있다는 것을 부정적인 상황인데, 이를 비꼬아 긍정적인 방향으로 표현한다."
30,"A: 헬스에 꽂혔다더니, 잘 돼가?
B: 음... 그런 건 아니고. 목표를 세워서 꾸준히 하는 중이야.
A: 그럼 얼마나 증가시킨 거야?
B: 몸무게가 5kg 정도 증가했어.
A: 뭐야, 그럼 엄청 잘되고 있잖아!
B: 그건 아니고... 복부 지방이 증가한 거야...","A: 와, 복근 만들기 위한 첫걸음이네!",Sarcasm,"상대방이 복부 지방이 증가했다는 부정적인 상황을, 오히려 운동의 성과로 긍정적으로 비꼬아 말한다."
31,"B: 백신 접종은 잘 받으셨나요?
A: 네, 아스트라제네카로 변경해서 안전하게 접종을 마쳤습니다.
B: 원래 화이자를 받으시려고 하셨다는 말씀이었는데 왜 변경하셨나요?",A: 화이자 2차 접종 후에 부작용이 심해서 아스트라제네카로 변경했습니다.,Non-Sarcasm,"이 대화는 백신 접종에 대한 진지한 질문과 대답이 오가기 때문에 non-sarcasm이다. A는 개인적인 경험을 바탕으로 결정을 설명하고 있으며, B는 그에 대한 궁금증을 정중하게 표현하고 있다."
32,"A: 이번 주말에 새로 개봉한 영화 보러 가실 생각이세요?
B: 네, 그래서 그런데요. 같이 가실래요?
A: 그럼요. 좋아요. 영화 후에 저녁 식사도 같이 하면 어떨까요?
B: 그것도 좋은 생각입니다. 하지만 제가 요리를 해야 해서 식사는 제가 준비할게요.","A: 그럼요, 제가 정말로 당신의 요리 실력을 기대하고 있어요.",Non-Sarcasm,"이 대화에서는 A와 B가 영화 관람과 식사에 대해 진지하게 대화를 나누며 서로의 의견을 존중하는 모습이 드러난다. 또한, A의 반응은 B의 요리 실력에 대한 기대감을 표현하고 있어 비꼬는 것이 아니라 진정한 관심을 나타낸다."
33,"B: 결혼에 대해서 어떻게 생각하세요?
A: 저는 사랑하는 사람과 나중에 정말로 준비가 됐을 때 결혼하고 싶어요.
B: 그런데 부모님이 언제쯤 결혼하길 바라시나요?
A: 아마도 부모님은 제가 빨리 결혼하길 원하실 것 같아요.",B: 그러니까 부모님께서 참으로 애정이 깊으시군요.,Non-Sarcasm,"이 대화는 A가 결혼에 대한 자신의 생각을 솔직하게 표현하고, B가 부모님의 기대에 대해 진지하게 질문하며 대답하는 방식으로 진행되어 비꼬거나 풍자가 아닌 직접적인 의사소통으로 보인다. A와 B 모두 서로의 의견과 감정을 존중하며 대화하고 있다."
34,"B: 찜닭 요리는 어떻게 하나요?
A: 보통 양념장에 소금, 설탕, 고추장 등을 섞어 만듭니다.
B: 아 그런데 단맛이 나지 않는 찜닭은 어떻게 만드나요?
A: 설탕을 넣지 않거나 줄이면 됩니다. 그러면 단짝 짭짤한 맛이 나겠죠.","B: 아, 그러니까 설탕 없는 커피처럼 단맛이 없는 찜닭을 만들어 보라는 거군요.",Non-Sarcasm,"이 대화는 상대방이 요리 방법에 대한 직접적인 질문을 하고 A가 구체적인 조언을 제공하므로 비꼬기나 풍자가 아닌 진지한 의사소통이다. 또한, 두 사람 모두 명확한 정보 교환을 하고 있어 의도가 분명하다."
35,"A: 안녕하세요. 송주 불 냉면을 추천드립니다.
B: 송주 불 냉면이요? 그것은 어떤 음식인가요?
A: 송주 불 냉면은 매운 불고기와 함께 식감 좋은 냉면이 들어간 음식입니다.
B: 저는 매운 음식을 잘 못 먹어서요.
A: 아, 그렇군요. 그럼 매운맛을 조금 줄여드릴 수 있습니다.
B: 아니요, 그래도 괜찮아요. 제가 매운 것을 좀 더 연습해 볼게요.","A: 아, 그렇군요. 그럼 매운 것에 대한 내성이 생기겠네요.",Sarcasm,"상대방이 매운 음식을 잘 못 먹는다며 걱정하는 상황에, 실제로는 그게 힘들 것을 알면서도 긍정적인 방향으로 비꼬아 말한다."
36,"B: 이번 주말에 시간 있으세요?
A: 그럼 왜?
B: 제가 알아본 곳이 있는데요, 홍대에 있는 '민트 하임'이라는 곳이에요. 여기 민트 초코 디저트가 정말 맛있다고 하더라고요.
A: 그래? 나 민트 초코 안 좋아하는데?","B: 그럼 당신을 위해 찾아봤던 거죠, 반갑게 생각하겠어요.",Sarcasm,상대방이 민트 초코를 좋아하지 않는데도 불구하고 민트 초코 맛집을 추천하는 A의 행동을 놀림 달게 비꼬아 말한다.
37,"B: 다음 달에 외국 여행 가는 계획 있어?
A: 그래, 한 번 가보고 싶던 러시아 가려고.
B: 와, 러시아면 보드카 많이 마셔야지.
A: 아니, 나는 맥주나 와인 즐기려고.",B: 러시아에 가서 맥주랑 와인 마시려고? 아주 특별하네.,Sarcasm,"상대방이 러시아에서 보드카 대신 맥주나 와인을 마시겠다고 할 때, 실제로는 러시아에 가서 보드카를 즐기는 것이 일반적인데 이를 반대로 비꼬아 말한다."
38,"B: 당신은 군대에 가셨나요?
A: 네, 저는 과거에 육군으로 복무하였습니다. 
B: 그럼 군 생활에 대한 경험이 많으시겠군요. 어떠셨나요?
A: 많은 일이 있었지만, 전체적으로 좋았습니다. 특히 친구들과의 우정을 키울 수 있는 시간이었습니다.
B: 저는 최근에 '디피'라는 군대 영화를 보았는데, 실제 군 생활과 비슷하다고 하더군요. 당신은 어떻게 생각하시나요?
A: 저도 그 영화를 봤는데, 실제 군 생활과 완벽하게 일치하지는 않습니다만, 일부분은 공감 가는 부분도 있었습니다.","B: 아, 그렇군요. 그러니까 영화가 실제 군 생활을 100% 정확하게 묘사했다는 거네요.",Sarcasm,"마지막 B의 대화에서 '디피' 영화가 실제 군 생활과 일부분만 공감 간다고 했을 때, 영화가 실제와 전혀 다르다는 것을 아주 정확하게 묘사했다고 비꼬아 말한다."
39,"A: 이번에 극장에서 볼 만한 영화 추천해 주실 수 있으실까요?
B: 저는 최근에 ""트루 스토리""라는 영화를 봤는데요, 진짜 실화를 바탕으로 만들었다고 해서 굉장히 신선하고 재미있었습니다.
A: 아, 그 영화 제가 예매하려고 했던 그 영화인가요?
B: 네, 그런 것 같습니다. 개인적으로 추천드립니다.
A: 그럼 바로 예매하러 갈게요!","B: 아, 정말요? 제가 추천하지 않았다면 당신은 절대로 그 영화를 예매하지 않았을 테죠!",Sarcasm,"상대방이 극장에서 볼 만한 영화로 '트루 스토리'를 추천했지만, A는 이미 그 영화를 예매하려고 했던 상태였다. 따라서 B의 추천은 사실상 필요하지 않았던 상황이었다. 이런 상황을 비꼬기 위해 B는 A의 말을 듣고 나서, 이미 알고 있는 것을 새롭게 알게 된 것처럼 반응하는 비꼬는 말을 할 수 있다."
40,"B: 혼자 사는 건 어떠세요?
A: 아무래도 가족과 같이 사는 것과는 달라서 좋은 점도 있고 힘든 점도 있어요.
B: 좋은 점은 뭐가 있을까요?
A: 일단은 나의 시간을 자유롭게 할 수 있다는 것이 가장 큰 장점이에요.
B: 그렇다면 힘든 점은 무엇인가요?
A: 외로움을 가장 많이 느껴요. 때론 누군가와 이야기하고 싶어도 주변에 그럴 사람이 없다는 게 힘들죠.","B: 그런데, 혼자 있으면서 모든 생각을 정리할 수 있어서 좋지 않나요?",Sarcasm,"마지막으로 B가 말한 외로움이 큰 단점이라는 말에 대해, 그것이 좋은 점이라고 비꼬아 대답한다."
41,"A: 비대면 수업은 어떤 방식으로 진행되나요?
B: 녹화된 강의를 시청하거나 실시간으로 강의를 듣는 방식이 있습니다.
A: 그렇군요. 혹시 대면 수업 예정은 어떻게 되나요?
B: 아직 대면 수업 예정은 없습니다. 아마도 앞으로도 계속 비대면으로 진행될 것 같습니다.
A: 아, 그렇군요. 저는 사실 대면 수업을 선호하는 편인데, 그게 아니라서 좀 짜증이 나네요.","B: 아, 그럼 정말로 비대면 수업이 참 재미있으시겠군요.",Sarcasm,"A가 대면 수업을 선호하고 비대면 수업에 대해 불만을 표현했을 때, 이 상황을 A가 비대면 수업을 정말 좋아한다는 것처럼 비꼬아 말한다."
42,"A: 최근에 블랙프라이데이 할인 행사를 이용하셨나요?
B: 네, 이번에 음식물 쓰레기통을 구매했습니다.
A: 아주 좋은 선택이십니다. 환경 보호에 기여하게 되는군요.
B: 네, 그리고 청소기도 새로 구매했습니다. 정말 큰 할인을 받았어요.","A: 우와, 당신은 정말 돈을 아끼는 법을 잘 아시네요.",Non-Sarcasm,"이 대화는 상대의 선택에 대해 긍정적으로 반응하고 칭찬하는 내용으로, 비꼬기나 풍자가 아닌 진정한 의사소통이기 때문이다. 또한, 상대방의 구매가 환경 보호에 기여한다는 점을 존중하며 이야기하고 있다."
43,"B: 어, 내 인터넷 왜 멈췄어?
A: 아무래도 세트에서 뭔가 문제가 생긴 것 같아.
B: 너한테 부탁했던 것처럼, 세트 금방 멈추게 해줘.","A: 응, 그럼 꺼버릴게. 아마 다시 켜면 될 거야.",Non-Sarcasm,"이 대화는 두 사람이 서로의 문제를 진지하게 해결하려고 하며, 직접적인 의사소통을 통해 상황을 파악하고 있다. A와 B의 대화는 진지하게 문제를 다루고 있어 비꼬거나 풍자가 아닌 것으로 보인다."
44,"A: 요즘 어때? 대상포진 증상이 좀 나아지고 있어?
B: 아니, 아직도 정말 아파. 약 먹는 것도 지겹고...
A: 병원 다녀볼 생각은 없어?
B: 아냐, 병원 가면 병원비만 더 나가. 그냥 참아보려고.","A: 그래, 건강은 돈이랑 비교할 수 없으니까.",Sarcasm,"실제로는 병원에 가야 하는 상황인데, 돈을 아끼기 위해 참는다고 하므로 이를 건강에 돈을 아끼는 것처럼 비꼬아 말한다."
45,"A: 내가 인터넷으로 물건 주문했는데, 같은 상품이 두 개 더 왔어.
B: 아니, 어떻게 그럴 수 있지? 
A: 그래서 나도 모르겠어. 이제 이걸 어떻게 처리해야 할지 고민 중이야.
B: 팔아버리는 게 어때?","A: 응, 그래야겠다. 갑자기 비즈니스가 생긴 것 같네.",Non-Sarcasm,이 대화는 A가 겪고 있는 상황에 대한 진지한 고민을 공유하고 B가 실질적인 해결책을 제안하기 때문에 non-sarcasm이다. A의 반응도 긍정적이며 상황을 실제로 받아들이고 있음을 나타낸다.
46,"B: 무협소설에 관심이 있으신가요?
A: 네, 저는 특히 김용 선생님의 작품을 좋아합니다. 그의 작품은 저에게 많은 영감을 주죠.
B: 그렇군요. 저도 김용 선생님의 작품 중 '검은 불꽃'이 인상 깊었습니다. 혹시 다른 추천하실 만한 작품이 있으신가요?
A: 제가 최근에 읽은 웹 소설 중에는 '웹툰, 무협화된 세계'라는 작품이 꽤 재미있었습니다. 웹툰으로 새롭게 풀어낸 무협 세계를 잘 보여주더군요.","B: 아, 그래서 웹툰으로 변환된 무협 세계를 보고서야 비로소 진정한 무협소설의 매력을 알게 되셨겠군요.",Sarcasm,"B가 웹 소설에 대해 이야기하자, A는 B가 아마 그것들을 보고 무협소설의 진정한 의미를 알 수 있을 것이라고 비꼬는다."
47,"A: 미더덕 좋아하니?
B: 아니, 나 미더덕 정말 좋아해. 어디 미더덕회 파는 곳 알아?
A: 그럼 근처에 맛있는 미더덕회 파는 곳 있는데 가보고 싶어?
B: 아니야, 나 집에서 인터넷으로 검색해서 찾아볼래.","A: 그래, 인터넷에서 맛까지 느낄 수 있으면 좋겠다.",Sarcasm,"A가 근처에 맛있는 미더덕회 파는 곳을 알려주려고 하는데 B가 거절하면서 집에서 인터넷으로 찾겠다고 하니, 이를 조롱하는 의미로 인터넷으로 맛을 볼 수 있을 것처럼 비꼬아 말한다."
48,"B: 추석을 앞두고 어떤 준비를 하고 계시나요?
A: 음식 재료를 챙겨 먹을 것들은 대부분 준비했고, 아이들에게 줄 선물을 아직 못 샀어요.
B: 아이들에게 어떤 선물을 주실 생각이세요?
A: 아직 생각 중인데, 올해는 휴대폰을 선물해 주려고 해요.","B: 우와, 아이들 정말 행운아네요. 그런 부모님 갖고.",Sarcasm,"휴대폰이라는 비싼 선물을 주려고 한다는 B의 말에 비꼬아서 대답한다. 이때 실제로는 부정적인 상황인데, 이 상황을 긍정적인 방향으로 비꼬아 말한다."
49,"B: 요즘에 다시 운동 시작했어?
A: 응, 필라테스 다시 시작했어. 그런데 효과가 잘 안 보여서 좀 짜증 나.
B: 아, 그럼 다른 운동으로 바꾸는 것도 방법이잖아. ","A: 아니야, 나는 다른 운동으로 바꾸지 않을 거야. 내가 다이어트 효과를 기대하는 건 아니니까.",Non-Sarcasm,"이 대화는 A가 운동에 대한 개인적인 경험과 감정을 솔직하게 표현하고, B가 제안한 다른 운동으로 바꿀 필요가 없다고 단호하게 말함으로써 진지하게 의사소통하고 있기 때문이다. A는 자신의 선택에 대한 이유를 명확히 밝히고 있어 비꼬는 요소가 없다."
50,"B: 오늘 뭐 드셨나요?
A: 제가 방금 카페에서 샌드위치를 먹었는데요, 정말 맛있었습니다.
B: 그럼 좋은 리뷰를 쓰셨겠네요?
A: 아니요, 사실 음식 사진을 찍는 것에 너무 집중하다 보니 식사를 즐기지 못했습니다.",B: 그럼 당신의 식사는 카메라가 대신 즐겼겠네요.,Sarcasm,"사진을 찍느라 식사를 즐기지 못했다는 B의 말에 대해 실제로는 부정적인 상황이지만, 이 상황을 긍정적인 방향으로 비꼬아 말한다."
51,"B: 아침부터 날씨가 참 흐리네요.
A: 네, 맞아요. 일출도 제대로 보지 못했습니다.
B: 그럼에도 불구하고 이런 날씨가 좋으신가요?
A: 비가 올 것 같아서 걱정이에요.",B: 그럼 오늘은 장마철처럼 시원하게 비를 즐길 수 있겠네요.,Sarcasm,비가 올 것 같다는 상황을 두려워하는 상대방의 표현을 긍정적인 방향으로 비꼬아 말한다.
52,"B: 최근 계절 변화를 어떻게 느끼고 계십니까?
A: 저는 봄과 가을을 좋아하는데, 느낌이 아쉽게도 그 계절들이 짧아지고 여름과 겨울이 더욱 길어진 것 같아요.
B: 그러네요. 최근 기후 변화로 인해 계절의 변화가 심해지고 있습니다. 그럼 여행을 통해서라도 계절의 변화를 즐기시나요?
A: 코로나 때문에 여행을 갈 수 없어서, 동네 주변에서만 계절을 즐기고 있습니다.",B: 그럼 여행비를 아낄 수 있어서 좋겠네요.,Sarcasm,"동네 주변에서만 계절을 즐기고 있다는 상대방의 말에 대해, 실제로는 부정적인 상황인데 이 상황을 긍정적인 방향으로 비꼬아 말한다."
53,"B: 집안일 너무 힘들다. 청소하고 쓰레기 버리고.. 다 너무 힘들어.
A: 그래서 나 로봇청소기 사봤어. 근데 청소는 잘 하는데, 계속 방바닥에 끼여서 멈춰있더라고.",B: 로봇청소기도 휴식이 필요하겠지.,Non-Sarcasm,"이 대화는 A가 로봇청소기를 사용해본 경험을 진지하게 이야기하고, B가 그에 대해 공감하며 가벼운 유머로 응답했지만 비꼬지 않고 대화의 맥락을 이어가는 방식이기 때문에 non-sarcasm이다."
54,"B: 요즘 어떤 화장품 쓰고 있어?
A: 나? 새로 나온 셔벗 제형 클렌징으로 피부 관리하고 있어.
B: 아~ 그게 피부에 좋다며?
A: 응, 맞아. 그래서 이것저것 써보다가 이게 제일 좋더라고. 피부가 더 좋아진 거 같아!
B: 그럼 가을 옷은 어떻게 준비하고 있어?
A: 난 이미 중고로 퍼 재킷 한 벌 샀어. 추워지면 바로 입을 예정이야.","B: 와, 넌 진짜 앞서가는구나. 이미 겨울옷까지 준비하다니!",Non-Sarcasm,"이 대화에서 두 사람은 서로의 의견을 존중하며 직접적으로 자신의 경험과 생각을 나누고 있다. B가 A의 패션 선택을 칭찬하는 부분도 진지한 반응으로, 비꼬거나 풍자 요소가 없다."
55,"A: 도서관에서 뭐 빌려왔어?
B: 이벤트 찾다가 미미 여사의 새 소설 ""기타 기타 사건부""를 빌렸어.
A: 아 그 책이 어때? 재밌어?
B: 아니, 진짜 이상해. 이해가 안 가. 그냥 대충 읽었어.","A: 우와, 넌 진짜 독서의 달인이구나.",Non-Sarcasm,"대화에서 A는 B의 독서에 대해 진심으로 칭찬하며 감탄을 표현했으므로, 비꼬는 의도가 전혀 보이지 않는다. B의 대답도 진지하게 책에 대한 의견을 말하고 있어 직접적인 의사소통으로 판단할 수 있다."
56,"A: 제주도 가본 적 있어?
B: 네, 한번 가봤는데 별로였어.
A: 왜요? 그렇게 아름다운 곳인데.
B: 너무 많은 사람들이 있어서 볼거리를 제대로 보지도 못했어.","A: 와, 사람 구경 잘 했겠다.",Sarcasm,사람들이 너무 많아서 볼거리를 제대로 보지 못했다는 B의 부정적인 상황을 긍정적으로 비꼬아 말한다.
57,"B: 최근에 COVID-19 확진자가 늘어서 목욕탕 가는 것을 고려해 보시겠습니까?
A: 그래요. 사실 최근에 목욕탕을 방문하는 것이 좀 불안하긴 하죠.
B: 목욕탕에서 직접 씻는 것보다 집에서 씻는 게 더 안전하다고 생각하시나요?",A: 그런데 제가 집에서 목욕하는 것이 너무 불편해서요. 목욕탕이 없으면 안 될 것 같아요.,Non-Sarcasm,"이 대화는 COVID-19 확진자 증가로 인해 목욕탕 방문에 대한 우려와 안전성을 진지하게 논의하고 있으며, A는 자신의 솔직한 생각과 불편함을 표현하고 있다. 따라서 비꼬거나 풍자하는 것이 아니라 진정한 의사소통이 이루어지고 있다."
58,"B: 저희 매장의 와인셀러가 정말 멋지다고 많은 고객님들께서 칭찬을 해주시는데요.
A: 그럼요, 저희 와인셀러는 다른 매장들과 달리 공유 시스템을 이용하고 있어서 많은 분들께 인기가 많습니다.
B: 그런데 저녁에 매장을 닫을 때는 전기를 아끼기 위해 와인셀러의 전기를 끄신다고 들었는데, 그게 가능한 건가요?
A: 네, 영업 종료 후에는 전기를 아끼기 위해 와인셀러의 전기를 끄고 있습니다.","B: 와인이 참 좋겠네요, 영업시간이 끝나면 바로 잠자리에 들 수 있으니까요.",Sarcasm,"와인셀러의 전기를 끈다는 것은 와인의 온도와 습도를 유지하지 못하는 것으로, 와인의 품질을 떨어뜨릴 수 있습니다. 그러나 이 상황을 비꼬아 와인의 특성상 온도와 습도 조절이 필요하다는 점을 반대로 말한다."
59,"B: 코로나 때문에 여행 계획이 모두 취소됐나요?
A: 네, 그렇습니다. 올해는 해외여행을 갈 수 없을 것 같아요.
B: 저도 마찬가지입니다. 불행 중 다행이라면, 비행기 표 환불은 잘 받으셨나요?
A: 아니요, 환불도 안되고 물건값도 아깝습니다.","B: 아, 그럼 그 돈으로 비행 기사를 좀 후원하게 되셨군요.",Sarcasm,"B가 비행기 표 환불도 못 받았다는 부정적인 상황에 대해, 그 상황을 긍정적인 것처럼 비꼬아 말한다."
60,"B: 좋아하는 음식이 무엇인지 알 수 있을까요?
A: 저는 치킨과 보쌈, 샤부샤부를 정말 좋아합니다.
B: 그럼 가장 좋아하는 음식은 무엇인가요?
A: 그건 정말로 결정하기 힘들어요. 세 가지다 너무 좋아서요.","B: 아, 그건 정말 세상에서 가장 어려운 결정일 것 같네요.",Sarcasm,세 가지 음식을 모두 좋아해서 결정하기 힘들다는 B의 말에 이를 아주 복잡한 문제로 만드는 것처럼 비꼬아 말한다.
61,"B: 요즘 코로나 때문에 운동하러 가기도 어렵고, 집에서 어떤 운동을 하고 계시나요?
A: 그러게요. 요즘은 플랭크나 요가 같은 홈트레이닝을 하고 있어요.
B: 아, 그래요? 저도 집에서 요가를 해보려고 했는데 아직 시작하지 못했어요.
A: 아 그래요? 저는 오히려 집에서 하는 게 더 편하더라고요. ","B: 정말, 집에서 운동하는 건 장난 아니더라고요.",Sarcasm,"상대방이 집에서 운동하는 것이 편하다고 말했지만, 실제로는 집에서 운동하기 어렵다는 것을 비꼬아 말한다."
62,"A: 너 어제 뭐 마셨어?
B: 할리스에서 밀크티 라테를 시켜봤어.
A: 그거 어때? 맛있었어?
B: 음... 나는 투썸의 로열 밀크티 라테가 더 나은 것 같아.",A: 와~ 너의 커피 등급이 확 올라갔네.,Sarcasm,"할리스의 밀크티 라테가 그다지 좋지 않았다는 B의 말에 실제로는 부정적인 상황인데, 이 상황을 긍정적인 방향으로 비꼬아 말한다."
63,"B: 이번 주말에 바다로 여행을 가려고 계획하고 있습니다. 뭐 좋은 음식 추천해 주실 수 있으세요?
A: 바다에 가신다면 흑돼지구이나 해물탕 같은 건 어떠세요? 바다에서 먹는 그런 음식이 맛있더라고요.
B: 그게 좋겠네요. 그럼 분위기 좋은 식당도 있을까요?
A: 분위기 좋은 식당도 많아요. 하지만 가장 중요한 건 낭만적인 분위기를 만드는 건 사람들이에요.","B: 아, 그렇군요. 제가 낭만을 다 만들어야 하는군요. 기대하겠습니다.",Sarcasm,"A가 B의 마지막 대답에 대해 실제로는 부정적인 상황인데, 이 상황을 긍정적인 방향으로 비꼬아 말한다."
64,"A: 요즘 온라인 쇼핑은 어디서 주로 하시나요?
B: 저는 주로 쿠팡에서 쇼핑하고 있습니다. 특히 로켓배 송이 정말 편리하더군요.
A: 그렇군요, 로켓 배송은 정말 빠르게 배송되는 게 장점이죠.
B: 네, 정말로. 아침에 주문하면 오후에는 도착하는데, 그 속도에는 항상 놀랍니다.","A: 그러니까, 주문 버튼 누르자마자 벨이 울릴 것 같아요.",Non-Sarcasm,"이 대화는 두 사람이 온라인 쇼핑의 편리함에 대해 진지하게 의견을 나누고 있으며, 서로의 경험을 공유하고 있어 비꼬지 않고 진실한 소통을 하고 있다. 특히 B의 대답을 A가 긍정적으로 받아들이고 이어가는 모습에서 진지한 대화임을 알 수 있다."
65,"B: 종편 TV 프로그램 봤어?
A: 아니요, 그게 뭔가요?
B: 전도연이 주연하는 드라마인데, 꽤 재밌더라.
A: 오, 그래요? 좋아하시는 건가요?
B: 음, 네. 볼만한 것 같아서 말이야.
A: 그런데 들어보니 그 드라마에서는 이혼과 유산에 대한 논란이 있었다고 하던데요?","B: 오, 그런 논란까지 있다니 더욱 재미있겠군.",Non-Sarcasm,이 대화는 서로의 의견을 주고받으며 관심을 표현하고 있기 때문에 비꼬는 의미가 없다. 두 사람은 드라마에 대해 진지하게 이야기하며 정보와 감정을 나누고 있다.
66,"A: 요즘 어떤 책 읽고 계세요?
B: 주식에 대한 책을 읽고 있어요.
A: 주식에 대해 관심이 많으신가 보네요.
B: 네, 그렇습니다. 그런데 정신과 관련된 질환에 대해서도 궁금증이 많아져서 책을 찾아보고 있어요.","A: 아, 주식과 정신 질환, 그것들이 연관성이 있나요? 이제야 알았네요.",Non-Sarcasm,"이 대화는 상대방의 관심사를 직접적으로 질문하고, 그에 대한 대답을 통해 서로의 생각을 공유하고 있어 진지한 의사소통으로 보인다. 대화의 흐름이 서로의 이해를 돕고 진실한 관심을 나타내므로 비꼬기나 풍자가 아니다."
67,"B: 문명 특급 재밌게 봤어?
A: 응, 엠시도 잘하고 특히 빨간 머리 제재가 매력적이더라.
B: 그치? 제재가 흥이 많아서 좋아. 근데 여자 돌들 리액션도 좋던데?
A: 아니, 아이린이 너무 과장하더라고. 진짜 나를 기분 나쁘게 만들어.","B: 아니야, 아이린은 그런 과장된 리액션으로 프로그램을 더 즐겁게 만드는 거야.",Non-Sarcasm,"이 대화는 서로의 의견을 주고받으며 진지하게 논의하고 있기 때문에 비꼬거나 풍자하는 것이 아니다. A는 아이린의 리액션에 대한 자신의 감정을 솔직히 표현했고, B는 그에 대해 긍정적인 의견을 제시하며 대화를 이어갔다."
68,"B: 최근에 어떤 봉사활동을 하셨는지 알 수 있을까요?
A: 저는 어린이집에서 사물놀이와 영어를 가르치는 봉사활동을 했습니다.
B: 아, 그렇군요. 아이들에게 어떤 사물놀이를 가르쳤는지 알 수 있을까요?
A: 저는 주로 꽃잎과 나뭇가지를 이용해서 아이들과 함께 미술 작품을 만드는 활동을 진행했습니다.
B: 그리고 영어도 가르쳤다고 하셨는데, 어떻게 진행하셨는지 궁금합니다.","A: 영어는 주로 동화책을 읽어주면서 간단한 단어와 문장을 가르쳤습니다. 하지만 아이들이 제 발음을 잘 이해하지 못해서, 어렵게만 느껴졌습니다.",Non-Sarcasm,"이 대화는 상대방의 질문에 대해 구체적이고 진솔한 답변이 오가는 형식으로, 서로의 경험을 진지하게 공유하고 있어서 비꼬거나 풍자하는 요소가 없다. A와 B는 서로의 말에 진지하게 반응하며 대화를 이어나가고 있다."
69,"B: 이번에 봄이 오면서 꽃들이 참 예쁘게 피었네요.
A: 네, 그렇죠. 꽃들이 많이 피어서 길 걷는 것만으로도 행복하더라고요.
B: 저는 봄보다는 여름을 좋아해요. 뭔가 활기차고 생동감이 있는 계절이니까요.",A: 저는 여름은 너무 더워서 별로예요. 특히 더위를 잘 못 타서...,Non-Sarcasm,이 대화는 서로의 의견을 존중하며 진지하게 자신의 생각을 표현하고 있기 때문에 non-sarcasm이다. A와 B 모두 각자의 계절에 대한 선호를 진솔하게 이야기하고 있다.
70,"A: 주말에 어떻게 보내셨나요?
B: 아, 저는 집을 청소하느라 많이 힘들었어요.
A: 그럼 나머지 시간은 어떻게 보내셨나요?
B: 청소하고 나서는 너무 피곤해서 그냥 누워만 있었어요.",A: 그런 놀라운 휴식 방법을 가지신 것이 정말 대단하시군요.,Sarcasm,청소 후에 휴식을 취하는 상황을 대단한 성취로 비꼬아 말한다.
71,"A: 도서관에서 장강명 작가의 책을 빌려보신 적이 있나요?
B: 네, 몇 번 시도해 봤지만 항상 대출이 불가능하더군요. 다른 사람들이 먼저 빌려 가시는 것 같아요.
A: 그럼 책을 구매하시는 것은 어떠세요?
B: 그럴 수도 있겠지만, 도서관에서 무료로 이용할 수 있으니 아끼고 싶어요.
A: 그렇다면 다른 좋은 책을 추천드리겠습니다. 테드 창의 <당신 인생의 이야기>나 긴 초엽의 <우리가 빛의 속도로 갈 수 없다면>는 어떠세요?
B: 아, 저는 사피엔스를 제외하고는 읽지 않아요.","A: 아, 저도 사피엔스를 제외하고는 다른 책을 추천하지 않으려고 했어요.",Sarcasm,"상대방이 다른 책을 읽지 않겠다고 했을 때, 그것이 닫힌 태도라는 것을 비꼬아 말한다."
72,"B: 컴퓨터는 어떻게 되셨나요?
A: 아직 고민 중입니다. 그냥 새로운 컴퓨터를 사야 할지, 아니면 부품을 따로 사서 조립해야 할지 잘 모르겠어요.
B: 그럼 당신의 예산은 어떻게 되나요?
A: 예산은 높지 않아서, 아마 부품을 따로 사서 조립하는 게 더 싸겠죠.","B: 아, 그렇군요. 정말 비용 효율적인 선택이네요.",Non-Sarcasm,"이 대화는 두 사람 간의 실제 고민과 예산에 대한 진지한 논의가 이루어지고 있어 비꼬는 표현이 전혀 없었다. A는 자신의 상황을 솔직하게 설명하고, B는 그 답변에 대해 긍정적으로 반응했기 때문에 비꼼이 아니라 진정한 의사소통이다."
73,"B: 요즘 날씨도 좋고, 야외에서 운동 좀 하면 어때?
A: 그럼 비타민D도 좀 채우고 좋겠다.
B: 맞아. 실내에만 있으면 건강에 안 좋아.
A: 응, 그런데 나 실내에서 하는 운동이 더 재미있어.","B: 그럼, 넌 실내에서 비타민D를 만들 수 있겠네.",Sarcasm,"B가 실내에서 운동하는 것이 더 재미있다고 하였으나, 실제로는 비타민 D 섭취가 필요하다는 상황을 통해 비꼬아서 말한다."
74,"B: 어묵, 튀김, 떡볶이 세 가지 중에 어떤 것을 먹고 싶으신가요?
A: 저는 떡볶이를 먹고 싶습니다.
B: 그럼, 저는 어묵과 튀김을 먹겠습니다. 
A: 저는 어묵이나 튀김은 별로 좋아하지 않아요. 매운 떡볶이가 제일 좋습니다.","B: 아하, 당신의 입맛은 정말 독특하네요. 나중에 꼭 한 번 그런 맛을 경험해 봐야겠어요.",Non-Sarcasm,"대화 내용에서 A는 자신의 음식 취향에 대해 솔직하게 이야기하고, B는 그에 대해 긍정적인 반응을 보이며 관심을 표현하기 때문에 비꼬기나 풍자가 아닌 진지한 의사소통이다. B의 감탄은 A의 취향을 존중하고 새로운 경험을 기대하는 진솔한 태도를 반영한다."
75,"A: 여행 계획은 어떻게 진행되고 있나요?
B: 저는 해외여행을 생각하고 있었는데, 최근 상황 때문에 힘들어 보입니다.
A: 그렇다면 국내 여행은 어떠신가요?
B: 그래도 해외여행에 비하면 별로 매력이 없는 것 같아요.","A: 그럼요, 해외여행보다 국내여행이 훨씬 덜 스트레스 받고 즐길 수 있겠네요.",Non-Sarcasm,이 대화는 서로의 의견을 존중하며 현실적인 조언을 주고받기 때문에 비꼬거나 풍자하지 않고 진지하게 진행됐다. A는 B의 의견에 공감하며 실질적인 대안을 제시했다.
76,"A: 요즘 무슨 요리하면서 시간 보내세요?
B: 허허, 저는 사실 매운 음식을 좋아해서 최근에 매운 고추로 요리를 많이 해봤어요.
A: 그럼 고추 처리하다가 손이 많이 얼리지 않아요?
B: 그게, 손이 좀 얼었는데, 그럴 때마다 어떻게 해야 할지 모르겠더라고요.","A: 아, 그러니까 고추 얼림을 통해 신선한 감각을 느낄 수 있겠네.",Sarcasm,고추가 얼리는 걸 몰라서 묻는 A의 말에 B가 고추 처리하다가 손이 얼리면서 당황했다는 것을 긍정적으로 비꼬아 말한다.
77,"B: 요즘 어떤 음식을 가장 좋아해?
A: 아니 그거 물어보면 안 되지. 난 돈가스랑 양식이 가장 좋아. 근데 일식도 좋아하긴 하는데...
B: 그럼 일식은 어떤 게 좋아? 스시? 소바?
A: 아니 아니, 그런 건 싫어. 난 라멘이나 다코야키 같은 걸 좋아해.","B: 아, 일식을 좋아한다니까 스시나 소바를 말하는 줄 알았는데, 라멘이나 다코야키를 말한 거였구나. 진짜 깊은 사랑이네.",Non-Sarcasm,"이 대화는 상대방이 A의 좋아하는 음식을 구체적으로 묻고, A가 진솔하게 자신의 취향을 설명하며 대화를 이어가는 모습이 나타나 있기 때문에 진지하고 직접적인 의사소통이다. B의 ""진짜 깊은 사랑이네""라는 표현도 비꼬기보다 A의 취향에 대한 진심 어린 반응으로 보인다."
78,"A: 집안일이 꽤 힘들지 않으세요?
B: 아니요, 가족들이 도와주시니까 괜찮아요. 그래도 때론 피곤하긴 해요.
A: 그럼 휴식을 좀 취해보세요. 친구들과 어울려 놀아도 좋을 것 같아요.",B: 그러고 싶지만 시간이 없어요. 가족과 일에 모두 신경 쓰느라고요.,Non-Sarcasm,"이 대화는 상대방이 질문에 대해 진솔하게 대답하고, 서로의 의견을 존중하며 조언을 주고받고 있기 때문에 non-sarcasm으로 보인다. B는 상황을 진지하게 설명하고 A의 제안에 대해 현실적인 이유를 제시했다."
79,"A: 이번 여름에는 어떤 운동을 하실 계획이세요?
B: 저는 헬스를 계속하려고 합니다. 뭔가 다른 운동을 추천해 주실 수 있으세요?
A: 수영은 어떠세요? 여름에 수영을 하면 체력도 키울 수 있고, 더위도 식힐 수 있어요.","B: 그런데 저, 수영을 잘 못하거든요. 그래서 헬스를 하는 게 더 좋을 것 같아요.",Non-Sarcasm,"이 대화는 상대방의 질문과 제안에 대해 솔직하고 직접적으로 자신의 의견을 표현하고 있기 때문에 비꼬거나 풍자가 아니다. B는 수영을 잘 못하는 이유로 헬스를 선호한다고 밝히며, 상대의 제안에 대한 진지한 반응을 보였다."
80,"A: 직접 만든 국수를 드셔 보신 적 있으신가요?
B: 아니요, 저는 항상 외식을 하는 편이라 직접 만든 음식을 먹어본 적은 없네요.
A: 직접 만들면 더 맛있고, 건강에도 좋다는데요. 특히 소스를 직접 만드시면 더욱 좋습니다.
B: 그런데, 제가 요리에 솜씨가 없어서요. 어떻게 하면 좋을까요?
A: 그럼 가족이나 친구들과 함께 만들어 보시는 것은 어떠세요? 특히 아이들이 직접 만들면 더 재미있고, 좋아하더라고요.","B: 그렇군요, 아이들과 함께라면 요리 실력이 뛰어난 셰프가 될 수 있겠네요.",Sarcasm,"B가 요리에 솜씨가 없다고 말했을 때, 이를 비꼬아 실제로는 요리를 잘 못하더라도 그래도 아이들과 함께하면 좋다는 의미로 비꼬아 말한다."
81,"A: 야, 그래서 너 애인 있는 거 다들 알아?
B: 아니, 아직 비밀이야.
A: 그래? 언제까지 비밀로 할 거야? 결혼도 생각 안 해봤어?
B: 아니, 우리 둘은 그냥 지금처럼 사귀고 싶어. 결혼은 생각 안 하고 있어.","A: 오호, 그렇게 사귀면서 결혼 생각 안 하는 거 참 쉽겠다.",Sarcasm,결혼을 생각하지 않고 사귀는 것이 불가능하다는 비꼬는 말로 응답한다.
82,"A: 집안일 도와드릴게요. 뭐부터 시작하면 좋을까요?
B: 그럼, 빨래부터 해주실래요? 
A: 네, 그럼 바로 시작하겠습니다.
B: 아, 저희 빨래기가 약간 복잡해서 어려울 수도 있어요.
A: 걱정 마세요. 사용설명서 보고 잘 해낼 수 있을 것 같습니다.
B: 좋아요. 그런데 빨래는 솔직히 말해서 조금 지루하죠.","A: 아니에요, 빨래는 분명 제일 재미있는 일 중 하나죠.",Sarcasm,"B가 집안일이 지루하다고 말한 것에 대해, A는 빨래를 하는 것이 재미있다는 반대의 말로 비꼬아 응답한다."
83,"B: 요즘 종교 활동에 참여하시는 빈도가 줄어든 것 같습니다. 특별한 이유가 있으신가요?
A: 네, 사실 저는 종교를 많이 믿지 않게 되었습니다. 그래서 종교 활동을 좀 줄이려고 생각했습니다.
B: 그렇군요. 종교에 대한 개인적인 신념은 중요하니까요. 이해합니다.","A: 네, 개인적으로 다른 신념을 가진 사람들을 비난하거나 하지 않습니다만, 제 자신이 무엇을 믿는지에 대해 잘 알고 싶었습니다.",Non-Sarcasm,"이 대화는 상대방이 종교 활동에 대한 질문을 던졌고, A가 자신의 신념 변화에 대해 진지하게 설명하며 대답했기 때문에 비꼬거나 풍자가 아닌 진솔한 의사소통이다. A는 자신의 믿음에 대한 생각을 솔직히 표현했으며, 상대방의 이해를 구하는 태도를 보였다."
84,"A: 편의점은 어떠셨나요? 
B: 네, 저는 사람이 많아서 이용하기 힘들었습니다.
A: 그럼 학식은 어땠어요?
B: 학식은... 음... 아무래도 맛이 별로였습니다.","A: 아하, 그럼 우리 학교 요리사님들은 마법사 같네요.",Sarcasm,"학식의 맛이 별로라는 상대방의 의견을 듣고, 실제로는 맛이 없지만 맛있게 만드는 마법사처럼 비꼬아 말한다."
85,"B: 수강신청 기간이 언제인지 아시나요?
A: 네, 이번 주 금요일까지입니다.
B: 그렇군요. 어떤 과목을 듣고 싶으신가요?
A: 사실 아직 고민 중입니다. 어떤 과목을 선택해야 할지 잘 모르겠네요.
B: 시간이 얼마 남지 않았는데, 빨리 결정하셔야 할 것 같아요.
A: 네, 알겠습니다. 하지만 저는 이런 결정을 내리는 데에 시간이 많이 걸려서요.","B: 그러면 결정하는데 시간이 많이 걸리시니, 다음 학기에 신청하시는 게 어떨까요?",Sarcasm,"상대방이 수강신청에 대한 결정을 내리는 데에 시간이 많이 걸린다고 했을 때, 그런 행동을 지체하지 않고 빨리 결정해야 하는 것처럼 비꼬아 말한다."
86,"B: 이번에 보성 녹차밭 갈 생각이야.
A: 보성 녹차밭이요? 좋은 선택이십니다. 그런데 녹차를 좋아하시나요?
B: 아니, 사실 녹차는 별로 안 좋아해. 그냥 사진 찍으러 가는 거야.",A: 그럼 보성 녹차밭은 사진 찍기 좋은 스튜디오가 될 거네요.,Non-Sarcasm,이 대화는 상대방의 취향을 수용하고 진지하게 대답하는 방식으로 진행되었다. A는 B의 대답에 따라 보성 녹차밭의 장점을 긍정적으로 언급하면서 진정한 의도로 대화를 이어갔다.
87,"A: Toss의 이벤트를 많이 놓쳤나요?
B: 네, 몇 년 전에 가입했으면 좋았을 텐데 말이죠. 
A: 그렇군요, 뭔가 아쉽습니다. 이제는 어떤 활동을 하시나요?
B: 요즘은 앱 개발을 조금씩 배워서 올해 돈을 벌어 보려고 합니다.",A: 그럼 금방 부자가 되겠네요.,Sarcasm,"실제로 앱 개발이 쉽지 않은데, 이를 쉬운 일처럼 비꼬아 말한다."
88,"A: 방콕 여행 어땠어요?
B: 날씨가 좀 더웠지만, 전반적으로 즐거웠어요. 특히 악어 고기와 열대과일을 맛본 게 인상적이었어요.
A: 악어 고기라니, 독특하네요. 그 타이마사지도 받으셨나요?
B: 네, 그것도 너무 좋았어요. 처음에는 좀 무서웠지만, 후에는 편안함이 느껴져서 기분이 좋았습니다.","A: 아, 진짜 흥미롭게 들리네요. 다음에는 꼭 저도 그 무서운 마사지를 받아봐야겠어요.",Non-Sarcasm,"이 대화는 비꼬는 요소가 없고, 서로의 경험에 대해 진지하게 이야기하며 공감과 흥미를 표현하고 있기 때문에 non-sarcasm이다. A가 B의 경험에 진정한 관심을 가지며 다음 여행에 대한 의사를 밝히고 있다."
89,"B: 최근에 맥도날드 가격이 올랐다고 들었는데요, 그게 사실인가요?
A: 네, 그렇습니다. 특히 아이스크림 가격이 좀 올랐습니다.
B: 아이스크림 가격이 얼마나 올랐나요?
A: 1,000원 정도 올랐습니다. 그런데 대신 1리터 단위로 팔기 시작했습니다.","B: 와, 1리터씩 팔면 정말로 필요한 양만큼 사서 먹을 수 있겠네요.",Sarcasm,아이스크림을 1리터 단위로 팔기 시작했다는 B의 말에 대해 실제로는 필요 이상으로 많은 양을 살 필요가 없음에도 불구하고 긍정적인 것처럼 비꼬아 말한다.
90,"B: 오늘 점심에 무엇을 드셨나요?
A: 저는 무한도전 콘서트를 보면서 김밥을 먹었습니다.
B: 아, 그렇군요. 무한도전 콘서트는 어떠셨나요?",A: 너무 재미있어서 김밥을 거의 다 못 먹었습니다.,Non-Sarcasm,"이 대화에서는 상대방의 질문에 대해 진지하게 답변하고, 개인의 경험을 공유하는 방식으로 의사소통이 이루어졌기 때문에 비꼬거나 풍자가 아니다. A는 콘서트의 재미에 대해 진솔하게 이야기했다."
91,"A: 야, 그 홀케잌 주문하려는데 예약이 꽉 찼더라.
B: 그래? 다른데 찾아봤어?
A: 응, 찾아봤는데 딸기 케이크밖에 없더라.","B: 오, 딸기 케이크 라니, 그거 정말 행운이잖아.",Sarcasm,"딸기 케이크밖에 없다는 상황이 부정적인 상황인데, 이 상황을 긍정적인 방향으로 비꼬아 말한다."
92,"B: 이따가 저녁 뭐 먹을래?
A: 허.. 나 이제 복숭아 밖에 안 먹어. 건강을 위해서야.
B: 복숭아? 그게 맛있어?
A: 너무 달아서 좋아. 특히 차가운 거 맛있어.
B: 그럼 오늘 저녁은 복숭아로 할까? 
A: 좋아. 그럼 드라이브스루 가서 복숭아 하나 사고 올게.
B: 너 운전 어때? 잘 해?
A: 물론이지. 운전 연수 받았는데.","B: 와, 연수 받았다고?? 대단하다. 꼭 F1 레이서 같네.",Sarcasm,"B는 운전 연수를 받았다고 했지만, A는 B가 실제로 잘 운전할 수 있을지 의심스러워하며 그것을 비꼬아 말한다."
93,"B: 오늘 비가 오는군요.
A: 네, 저는 비 오는 날을 좋아해요. 
B: 그런가요? 특별한 이유가 있나요?
A: 아니요, 그냥 비 내리는 소리와 그 향이 좋아서요. 그리고 겨울에는 눈 내리는 향이 좋아서 겨울도 좋아해요.","B: 비와 눈이 좋다니, 저도 처음 들어보네요.",Non-Sarcasm,"이 대화는 감정과 취향에 대한 직접적인 표현이 이루어지고 있어 비꼼이나 풍자가 없고, 상대방의 의견에 대해 진지한 질문과 대답이 오가고 있다. A의 대답은 개인적인 감상에 기반하고 있으며, B도 이에 대해 진지하게 반응하고 있다."
94,"B: 유기 동물 문제에 대해서 어떻게 생각하시나요?
A: 그것은 정말 마음이 아픈 문제입니다. 저희도 최대한 도와주고 싶습니다.
B: 저희 회사에서는 유기 동물 지원 단체에 기부를 고려하고 있습니다.
A: 그렇군요. 저희가 어떻게 기부를 할 수 있는지 알려주실 수 있으신가요?
B: 물론입니다. 기부 방법은 웹사이트를 통해 확인하실 수 있습니다.","A: 웹사이트라니, 이 세상에 참 신기한 것들이 많네요.",Sarcasm,"상대방이 유기 동물 문제에 대해 도와주고 싶다며 적극적인 반응을 보였지만, 기부 방법을 묻는 것으로 보아 실제로는 관심이 없어 보인다. 이를 통해 비꼬아 응답한다."
95,"A: 여름이면 무엇이 가장 생각나십니까?
B: 저는 역시 삼계탕이 생각납니다. 힘들 때 한 그릇씩 먹으면 정말 시원하더군요.
A: 저도 그렇게 생각합니다. 근데 삼계탕을 집에서 만들어 보신 적 있으십니까?
B: 아니요, 너무 복잡해서 시도해 본 적은 없습니다.","A: 아, 그렇군요. 여유를 즐기시는 분이시군요.",Sarcasm,"B가 삼계탕을 만드는 것이 복잡해서 시도해 본 적이 없다고 말했을 때, 실제로는 복잡한 일을 하기 싫어하는 상대방의 모습을 긍정적인 휴식을 즐기는 것처럼 비꼬아 말한다."
96,"B: 최근에 군대에서 핸드폰 사용 가능성에 대한 논의가 이루어지고 있던데요, 어떻게 생각하세요?
A: 저는 그것이 군 생활의 효율성을 높일 수 있다고 생각합니다.
B: 그럼, 전투 상황이나 긴급한 상황에서도 핸드폰을 사용하도록 허용하실 건가요?
A: 그런 경우에는 핸드폰 사용을 제한하면 될 것 같습니다.","B: 아, 그럼 전투 중에도 핸드폰을 쓰지 못하게 하는 마법 같은 기술이 있는 건가요?",Sarcasm,"실제로는 그런 상황이 발생했을 때 핸드폰 사용을 어떻게 제한할 수 있을지가 불명확하지만, 이를 쉽게 해결할 수 있다고 말하는 상대방의 주장을 비꼬아 말한다."
97,"A: 좋아하는 계절이 있으신가요?
B: 네, 저는 가을을 좋아합니다. 공기도 맑고 산책하기 좋아서요.
A: 저는 겨울이 좋습니다. 눈이 내리면 세상이 하얗게 변하는 게 정말 아름답다고 생각합니다.
B: 그런데 눈이 많이 오면 길이 미끄러워져서 다니기가 힘들지 않나요?",A: 그게 바로 겨울의 매력이죠. 미끄러운 길을 조심하며 걷는 재미가 있으니까요.,Sarcasm,"A가 겨울을 좋아하고 눈이 오는 것을 아름답게 생각하는 것에 반해, 실제로 눈이 오면 길이 미끄러워져 다니기 어렵다는 B의 말에 대해 긍정적인 상황을 부정적으로 비꼬아 말한다."
98,"B: 우리 사무실 환경이 좋다고 생각하시나요?
A: 사실 솔직히 말씀드리면, 제가 이전에 근무하던 곳보다는 좋지 않아요.
B: 그렇군요. 어떤 부분이 불편하신가요?
A: 솔직히 말하면, 사무실이 너무 시끄러워서 집중을 하기가 어렵습니다.",B: 그래서 우리 사무실이 생기 넘치는 것이 아닌가요?,Sarcasm,"B가 시끄러운 사무실 환경 때문에 집중하기 어렵다는 말에 대해, 실제로는 부정적인 상황인데 이를 긍정적인 방향으로 비꼬아 말한다."
99,"B: 우리 남편이 의무 소방인 거 알고 계셨어요?
A: 아니요, 전혀 몰랐습니다. 그렇게 위험한 일을 하시다니 대단하시네요.
B: 네, 매일 불이 난 집을 끄러 다니니까 정말 위험하죠.
A: 그럼 불길 속으로 들어가서 사람을 구하거나 하는 일도 하시는 건가요?
B: 네, 그런 일도 합니다. 정말 무서워서 매일 걱정이에요.","A: 아, 그럼 매일매일 스릴 넘치는 생활을 즐기시겠네요.",Sarcasm,"소방관이라는 위험한 직업을 가진 남편 때문에 매일 걱정된다는 A의 말에 실제로는 부정적인 상황인데, 이 상황을 긍정적인 방향으로 비꼬아 말한다."
100,"A: 저녁 뭐 먹을래?
B: 아무거나 좋아. 내가 골라도 돼?
A: 그래, 네가 골라봐. 
B: 그럼 나중에 밥 먹고 영화관에서 겨울 왕국 2 보자.","A: 아, 오랜만에 좋은 아이디어 냈네.",Non-Sarcasm,"이 대화는 상대방의 제안에 긍정적으로 반응하면서 칭찬하는 내용이 포함되어 있어 진지한 의사소통으로 보인다. 또한, 비꼬는 tone 없이 자연스럽게 의견을 주고받고 있다."
101,"A: 최근에 어디 여행 가셨어요?
B: 첫 해외여행으로 일본에 갔습니다.
A: 일본은 어떠셨나요?",B: 일본은 제 인생 최고의 여행지였습니다. 매우 만족스러웠습니다.,Non-Sarcasm,이 대화는 두 사람 간의 여행 경험에 대한 진지한 질문과 대답으로 구성되어 있어서 비꼼이나 풍자를 포함하지 않는다. B는 일본 여행에 대한 긍정적인 감정을 진솔하게 표현했다.
102,"B: 저녁으로 무엇을 드셨나요?
A: 저는 집에서 짜장면을 만들어 먹었습니다. 당근과 양파를 넣고 특별히 만들었어요.
B: 그러셨군요. 집에서 짜장면을 만들다니 참 대단하시네요. 제가 요리를 잘 못해서 부럽습니다.
A: 감사합니다. 그런데 아까 호박고구마와 밤고구마 중에 뭐가 더 좋아하시나요?",B: 저는 호박고구마가 더 좋아요. 달달하고 부드러워서 맛있으니까요.,Non-Sarcasm,이 대화는 서로의 요리 경험과 취향에 대해 진지하게 의견을 나누고 있어 비꼬거나 풍자하는 기법이 사용되지 않았다. 따라서 상대방의 요리에 대한 칭찬과 개인적인 선호도를 존중하는 직접적인 소통이 이루어졌다.
103,"A: 도시 여행 어때? 좋아하니?
B: 아니, 너무 시끄럽고 사람도 많아서 별로야.
A: 그럼 왜 여행을 가니? 자연을 좋아하니?
B: 그런 것도 아닌데 그냥 편하게 쉴 수 있는 곳이면 어디든 좋아.","A: 아, 그럼 네가 갈만한 곳 알아. 사막이나 북극 같은 곳 어때?",Sarcasm,"상대방이 도시와 자연 양쪽 모두를 부정하며, 편하게 쉴 수 있는 곳이라면 어디든 좋다고 했을 때, 이를 고립된 곳으로 비꼬아 말한다."
104,"B: 저 얼리버드에 있는 그 제품 어떤가요?
A: 어떤 제품 말씀하시는지요?
B: 그, 가격이 좀 비싼 그 제품요. 200만 원가량 나가는...
A: 아, 그 제품 말씀이시군요. 사용 후기는 굉장히 좋던데, 혹시 구매를 고려 중이신가요?
B: 네, 비록 가격이 좀 세지만 사용 후기가 좋아서 고민 중입니다.","A: 아, 너무나도 훌륭하십니다. 고가의 제품을 손쉽게 구매하시다니...",Sarcasm,A의 마지막 말에 B가 높은 가격에도 불구하고 A가 그 제품을 사려고 한다는 것을 상황이 안 좋은 것처럼 표현하여 비꼬아 말한다.
105,"A: 요즘 취미 생활로 무얼 하고 계시나요?
B: 제가 최근에 식물을 키우는 것에 관심이 생겨서 몇 가지를 사서 집에 두고 있어요.
A: 그런데 식물들이 좀 힘들어 보이네요. 물을 잘 주고 계시나요?
B: 아... 사실 잘 몰라서 그런지 식물들이 자꾸 죽어버리더라고요.","A: 그런 걸 보면, 당신은 식물들에게 편안한 천국을 만들어주시는 분이시군요.",Sarcasm,"식물들이 자꾸 죽어버린다는 B의 말에 대해, B가 식물들에게 자비를 베푸는 것처럼 비꼬아 말한다."
106,"A: 여행 가고 싶은 곳이 어디인가요?
B: 유럽에 가보고 싶어요. 그곳의 역사와 문화를 직접 체험해 보고 싶습니다.
A: 그럼 혼자 여행하실 생각이세요, 아니면 누군가와 함께 가실 계획이세요?
B: 사실 혼자 가보고 싶습니다. 자유롭게 여행하면서 다양한 경험을 해보고 싶어요.","A: 혼자서 유럽여행, 대단하시네요. 어디서부터 시작할 예정이세요?",Sarcasm,"B가 혼자서 여행하면서 다양한 경험을 하고 싶다는 말에, 그것이 쉽지 않을 것이라는 의미를 더하면서 놀라움을 표현하는 것처럼 비꼬아 말한다."
107,"A: 저녁에 좋아하는 주류는 어떤 것이 있으신가요?
B: 저는 맥주보다는 칵테일을 선호합니다. 좀 더 다양한 맛을 즐길 수 있어서요.
A: 아, 그렇군요. 그럼 주량은 어느 정도이신가요?
B: 아무래도 술은 제 몸에 안 좋으니까, 하루에 한 병만 마시려고 노력합니다.","A: 아, 그렇군요. 정말 건강을 위해 잘 조절하시는군요.",Sarcasm,"B가 매일 한 병씩 마시는 것을 건강에 좋지 않다며 적당히 마신다고 표현했지만, 사실상 매일 술을 마시는 것은 건강에 좋지 않다. 이를 긍정적인 방향으로 비꼬아 말한다."
108,"B: 요즘 햇빛 때문에 옷이 많이 바래지 않으세요?
A: 아니요, 바람 것 같아서 암막 커튼을 구입할 계획이에요.
B: 그럼 벌써 구매하셨나요?
A: 아니요, 아직입니다. ",B: 정말 빠른 결정력이시네요.,Sarcasm,아직 암막 커튼을 구매하지 않은 상대방의 행동을 빠르게 진행하는 것처럼 비꼬아 말한다.
109,"A: 대구 여행 가면 어디를 가봐야 할까?
B: 뭐, 팔공산 가보는 건 어때? 풍경이 꽤 멋있어.
A: 팔공산 좋지. 거기 말고도 좋은 곳 있을까?
B: 아니, 대구에 뭐가 있겠어. 굳이 다른 곳을 찾을 필요 있어?","A: 아니, 대구가 워낙에 볼 거리가 많으니까 선택하기가 어렵잖아.",Sarcasm,"B의 말이 대구에 볼거리가 없다는 부정적인 의미를 내포하고 있는데, 이를 긍정적으로 비꼬아서 말한다."
110,"B: 요리를 좋아하시나요?
A: 네, 즉흥적으로 만드는 요리는 꽤 재미있어요.
B: 베이킹도 해보셨나요?
A: 고등학교 때 마지막으로 했던 것 같아요.
B: 그럼, 그 후로 베이킹에 대한 관심이 없으셨던 건가요?
A: 그렇지 않아요. 사실 크림치즈를 발라먹으려다가 곰팡이 때문에 다른 요리를 만들게 됐어요.",B: 그래서 당신은 결국 곰팡이의 힘을 빌려 새로운 요리를 창조하게 되었군요.,Sarcasm,"B가 크림치즈를 발라먹으려다가 곰팡이 때문에 다른 요리를 만들게 됐다는 상황을 긍정적인 측면에서 본다면, 그는 곰팡이 덕분에 새로운 요리를 만들게 된 것이다."
111,"A: 저기요, 여기는 회원 인증이 복잡한가요?
B: 네, 회원 인증은 좀 복잡하긴 해요. 트위터 계정을 통해 가입하시고 인증 과정을 거쳐야 해요.
A: 트위터 계정으로 가입하는 것이 불편하네요.
B: 그렇지만 이런 복잡한 인증 과정을 거치면서 카페의 질을 유지할 수 있어요.","A: 아, 그래서 이 카페의 퀄리티가 이 정도였군요.",Non-Sarcasm,"대화에서 A는 B의 설명에 대해 직접적으로 이해하고 긍정적으로 반응했으며, 비꼬는 톤이 없었다. B의 대답도 진지한 정보 제공으로 이어져 서로의 의사소통이 평범하고 직접적이었다."
112,"A: 나 오늘 코로나 백신 맞았어.
B: 아, 잘 맞았어? 부작용은 없어?
A: 그건 아직 모르겠고, 재미있는 메시지가 왔어. '백신 맞은 후에 아빠에게 전화하라'라는 거야.",B: 그게 뭐야? 왜 아빠한테 전화해야 해?,Non-Sarcasm,"이 대화는 상대방의 경험에 대해 진지하게 질문하고 있는 모습을 보여주며, 백신 접종 이후의 상황을 진지하게 나누고 있다. B는 A의 메시지를 진지하게 궁금해하고 있기 때문에 비꼬거나 풍자의 요소가 없다."
113,"A: 최근에 어떤 간식을 자주 드시나요?
B: 그런데 저는 꼬마김밥을 자주 먹었는데 코로나 때문에 이제는 못 먹게 되었어요.
A: 그렇군요. 아무래도 많은 사람들이 한 번에 만져서 먹는 꼬마김밥은 위험할 수 있겠어요.
B: 네 그래서 이제는 간편하게 먹을 수 있는 꼬마김밥을 못 먹게 되어 아쉽습니다.",A: 그러면 더 건강해질 기회가 생긴 거 아닐까요?,Sarcasm,길에서 간편하게 먹을 수 없게 되어 아쉽다는 상대방의 말에 대해 이 상황이 오히려 건강에 이롭다는 방향으로 비꼬아 말한다.
114,"B: 저희 수업 어떻게 참여하고 계시나요?
A: 네, 저는 마음을 가다듬기 위해 주므로 함께 절하시는 수업에 참여하고 있습니다.
B: 그러면 일상생활에서 마음의 평화를 느끼실 수 있겠네요.
A: 그런데 솔직히 말씀드리면, 수업 중에 아이들 소리 나 집안일 때문에 집중이 잘 안돼서 좀 힘들어요.",B: 그런 힘든 상황이야말로 진정한 마음 수련의 기회가 되지 않을까요?,Non-Sarcasm,"이 대화는 A가 자신의 어려운 상황을 솔직하게 털어놓고 B가 이에 공감하며 긍정적인 해석을 제시하기 때문에 진지하고 직접적인 의사소통이다. 또한, 두 사람 간의 대화에서 비꼬거나 풍자하는 요소가 없고 서로의 감정을 존중하는 모습이 보인다."
115,"B: 요즘 어떻게 지내?
A: 그냥 그래. 요즘 계속 몸이 뜨거워서.
B: 뭐야, 병원에 가봤어?","A: 아직 안 갔는데, 아마 무슨 열인 것 같아.",Non-Sarcasm,"이 대화는 상대방이 A의 건강 상태를 걱정하며 병원 방문을 권유하는 진지한 질문을 하고, A가 자신의 불편함을 솔직하게 표현하는 내용이기 때문에 비꼬거나 풍자하는 요소가 없다."
116,"A: 대학원 생활은 어떻게 진행되고 있나요?
B: 아주 바쁘네요. 연구하고, 세미나 참석하고, 논문 쓰고, 가르치는 일도 하고 있습니다.
A: 그렇군요, 대학원생의 삶은 정말 복잡하네요. 하루에도 얼마나 많은 일을 처리하나요?
B: 저는 하루에도 10가지 일을 동시에 처리해야 하는 것 같아요.",A: 그럼 당신은 진짜로 만능이군요!,Sarcasm,"B가 많은 일을 처리해야 한다는 것을 얘기한 상황에서, 실제로는 부정적인 상황인데, 이 상황을 긍정적인 방향으로 비꼬아 말한다."
117,"A: 작년에 비해 올해의 가을이 조금 빨리 찾아온 것 같습니다. 
B: 그렇습니다. 작년보다 더 빨리 추워지는 것 같아요. 
A: 네, 그래서 가을을 충분히 즐기지 못한 것 같아 아쉽습니다. 
B: 저도 그렇습니다. 가을이 짧아져서 좀 슬프네요.",A: 짧아진 가을 덕분에 겨울옷을 더 일찍 입을 수 있게 되었네요.,Sarcasm,"B의 말에 대해 실제로는 부정적인 상황인데, 이를 긍정적으로 해석하여 반대로 비꼬아 말한다."
118,"B: 와, 너 또 뭐 하는 거야? 이렇게 늦게까지 뭐 하고 있어?
A: 아, 공부하고 있어.
B: 공부? 왜 이렇게 늦게까지?",A: 시험이 있어서야. 그래서 공부하고 있는 거야.,Non-Sarcasm,이 대화는 A가 시험 때문에 늦게까지 공부하고 있다고 직접적으로 설명하고 있어 진지한 의사소통이다. B의 질문 또한 A의 상황을 이해하고자 하는 진솔한 관심을 나타낸다.
119,"A: 요즘에 좋은 영화 많이 보셨나요?
B: 아니요, 사실 별로 보지 못했어요. 
A: 어떤 이유 때문인가요? 시간이 없으신 건가요?
B: 그것도 있지만, 요즘 영화 품질이 많이 떨어지는 것 같아서요. 게다가 가격도 너무 비싸고...","A: 아, 그럼 우리나라의 경제를 살리는 데 큰 도움이 되겠네요.",Sarcasm,"B의 말은 실제로는 부정적인 상황인데, 이 상황을 긍정적인 방향으로 비꼬아 말한다."
120,"B: 저번에 언급하셨던 자매 육회 집 가보셨나요?
A: 아, 네. 얼마 전에 가봤습니다.
B: 어떠셨나요? 음식은 괜찮으셨나요?
A: 맛은 괜찮았지만 가격이 좀 비쌌습니다. 그리고 광장시장에서 먹었던 육회가 더 맛있었습니다.",B: 그럼 다음에는 광장시장으로 고급 식사를 하러 가봐야겠군요.,Sarcasm,"B가 광장시장에서 먹었던 육회가 더 맛있었다는 마지막 말에, 실제로는 자매 육회 집에서의 경험이 그리 좋지 않았음에도 불구하고, 그것을 상급 음식점에서의 좋은 경험이었다고 비꼬아 말한다."
121,"B: 요즘은 집에만 있어?
A: 응, 코로나 때문에 실외 활동이 힘들어.
B: 그래서 집에서 뭐하고 시간을 보내는데?
A: 나 사실 그냥 게임하면서 빈둥거리는 게 좋아.","B: 오, 게임도 이렇게 바쁜 일이었군.",Sarcasm,상대방이 집에서 게임하며 시간을 보내는 것을 긍정적으로 바쁜 것처럼 비꼬아 말한다.
122,"B: 친구들 초대해서 밥을 해먹으려는데 밥솥도 없고 얼리는 용기도 없어.
A: 아니 그럼 어떻게 밥을 해먹으려고?
B: 나도 그래서 고민 중이야. 밥솥과 얼리는 용기를 새로 사야 하나 싶어.
A: 어휴... 너 그럼 진짜로 밥솥이랑 용기를 새로 사려고?","B: 응, 요리를 해보려니까 정말 재미있겠더라고.",Sarcasm,"B는 A가 식사 준비를 위해 밥솥과 용기를 사려고 고민하는 것이 어이없어서 이를 부정적인 상황으로 보지만, 이를 긍정적인 방향으로 비꼬아 말한다."
123,"A: 써머쓰비라는 음식을 들어보셨나요?
B: 네, 그게 맛있다는 소문을 들었는데요.
A: 그렇습니다. 써머쓰비는 중국의 전통적인 수프 요리인데요, 주로 더운 여름에 시원하게 즐기는 음식이랍니다.
B: 그런 음식이 있다니 참 신기하네요. 그런데 이걸 칭따오와 함께 먹는다고 들었어요.
A: 네, 맞습니다. 칭따오는 중국의 대표적인 맥주인데요, 써머쓰비와 잘 어울립니다. 
B: 아하, 칭따오와 써머쓰비를 같이 먹으면 더욱 풍미가 있겠군요. 근데 칭따오 맥주, 독특한 맛이 있나요?","A: 네, 칭따오는 정말 독특해요. 그냥 맥주 같아요.",Sarcasm,"칭따오 맥주의 맛이 독특하다고 했을 때, 사실은 평범한 맛인데도 불구하고 이를 특별한 것처럼 비꼬아 말한다."
124,"B: 최근에 쇼핑 많이 하셨나요?
A: 응, 옷이랑 가방 몇 개 샀어.
B: 좋아하시는 것 같네요. 배송된 상품을 받는 것도 행복하겠어요.
A: 아니야, 배송되면 박스를 여는 것도 귀찮아. 그냥 쇼핑하는 게 재밌어서 하는 거야.","B: 아, 그래요? 그런 '재미'를 나도 한번 느껴봐야겠네요.",Non-Sarcasm,이 대화에서 A는 쇼핑의 즐거움에 대해 구체적으로 설명하며 자신의 감정을 솔직하게 표현했다. B는 A의 말에 진지하게 반응하고 공감하는 방식으로 대화를 이어갔기 때문에 비꼬거나 풍자하는 내용이 아니다.
125,"A: 야, 오늘 근로학생이 어디 갔어?
B: 아, 그 사람 뭐 지각도 많고 그래서 일주일 정도 쉬게 했어.
A: 그럼 너 혼자서 다 해야겠네. 너무 힘들지 않아?
B: 그러게 말이야, 한 사람분의 일을 더 맡게 돼서 힘들긴 해.",A: 이거야말로 실력을 보여줄 수 있는 기회잖아.,Sarcasm,"실제로는 힘든 상황인데, 이 상황을 좋은 기회로 비꼬아 말한다."
126,"A: 요즘 책 읽으시는 거 있으세요?
B: 아니요, 요즘에는 좀 책에 대한 흥미가 없어져서요.
A: 그럼 좀 흥미로운 주제의 책을 찾아보시는 건 어떨까요? 
B: 그래요, 비혼 주의에 대한 책을 한 번 찾아볼까 생각 중이에요.","A: 아, 그럼 확실히 신선한 주제를 선택하셨군요.",Non-Sarcasm,"이 대화는 상대방의 의견에 대해 긍정적이고 진지한 반응을 보이는 형태로 진행되어, 비꼬거나 풍자하는 요소가 없이 건설적인 제안을 주고받고 있다. B가 흥미로운 주제를 찾겠다고 하자 A가 그 선택을 긍정적으로 받아들이므로 진정한 의사소통이 이루어졌다."
127,"B: 최근에 무슨 예능 프로그램을 보셨나요?
A: '슬의 생'과 관련된 예능 프로그램을 좋아해서 자주 보는 편입니다.
B: '슬의 생'에 대한 예능 프로그램이 그렇게 많나요?
A: 네, 정말 다양한 예능에서 '슬의 생' 캐릭터들이 출연해서 재미있더라고요. 
B: 아, 그렇군요. 그 외에 다른 프로그램은 보지 않으세요?",A: 지금은 올림픽 시즌이라 올림픽 관련 예능도 많이 보고 있어요.,Non-Sarcasm,"이 대화는 상대방이 최근 본 예능 프로그램에 대해 질문하고 A가 자신의 취향을 진지하게 설명하며, 그에 대한 대화를 이어가는 형태이기 때문에 비꼼이나 풍자가 아닙니다. A는 자신의 관심사에 대해 솔직하게 이야기하고 있으며, 대화의 흐름이 자연스럽기 때문입니다."
128,"B: 요즘 '피고인' 드라마 재밌게 보고 계시나요?
A: 응. 지금까지 본 드라마 중에서 제일 재밌는 드라마야.
B: 그럼 출연진도 다 좋아하시나요?","A: 아니, 그건 아니야. 전혀 좋아하지 않아.",Non-Sarcasm,이 대화에서는 A가 B의 질문에 대해 솔직하게 자신의 의견을 표현했기 때문에 비꼬거나 풍자하는 것이 아니다. 대화의 내용이 서로의 생각과 느낌에 대해 진지하게 전달되고 있다.
129,"B: 오빠는 평소에 어떤 음식을 좋아하세요?
A: 아, 그런 거는 잘 모르겠어요. 그냥 배가 고프면 뭐든지 먹는 편이에요.
B: 그럼 특별히 싫어하는 음식이라도 있나요?",A: 특별히 싫어하는 음식도 없어요. 먹는 것 자체에 크게 흥미가 없거든요.,Non-Sarcasm,"이 대화는 A가 자신의 식습관과 선호에 대해 솔직하게 이야기하고 있어 비꼬거나 풍자하는 느낌이 전혀 없고, 진지한 의사소통으로 보인다. A의 답변은 음식에 대한 개인적인 의견을 직접적으로 표현하고 있다."
130,"B: 이번 가을 날씨가 어떻게 보이세요?
A: 아무래도 지금 장마가 찾아와서 많이 흐리고 우중충하네요.
B: 그래도 사계절이 변화하는 것을 느낄 수 있어서 좋습니다.",A: 사실 제가 비 오는 날을 그리 좋아하진 않아요. 차라리 눈이 오는 겨울이 좋아요.,Non-Sarcasm,"이 대화는 각자의 날씨에 대한 진지한 의견을 나누고 있으며, 상대방의 긍정적인 관점에 대해 A가 자신의 취향을 솔직하게 표현하고 있기 때문입니다. 따라서 비꼬거나 풍자하는 대신 진정한 감정을 전달하고 있다."
131,"A: 최근에 본 영화 중에 특히 인상 깊었던 작품이 있으신가요?
B: 아마 '라라랜드'일 거예요. 노래도 좋고 스토리도 너무 인상 깊었어요.
A: 저도 그 영화 정말 좋아합니다. 특히 OST가 마음에 들었어요.
B: 네, 저도 그렇습니다. 코로나 때문에 영화관에서 직접 보지 못한 게 아쉽네요.",A: 그럴수록 집에서 영화 보는 맛이 있잖아요.,Sarcasm,"실제로는 코로나 때문에 영화관을 가지 못하는 것이 아쉽지만, 이를 반대로 긍정적으로 해석하여 영화를 집에서 보는 것이 더 좋다는 의미를 내포하고 있는 비꼬는 말을 합니다."
132,"B: 나, 최근에 새로운 피아노곡을 작곡했어.
A: 정말? 그런 능력이 있었으면서 왜 이제야 말해?
B: 아냐, 그냥 혼자 알고 있을까 하다가 너에게 자랑하고 싶어서 말한 거야.
A: 자랑스러워. 나중에 우리 애들도 잘 키우자.","B: 아, 우리가 이미 세상에서 가장 완벽한 부모인 것 같네.",Sarcasm,"B가 A에게 ""우리 애들도 잘 키우자""라고 말하면서 이미 아이들을 잘 키울 것 같다는 느낌을 주는데, 이에 대해 A가 비꼬아서 응답한다. "
133,"B: 최근에 건강이나 체중 관리를 하시는군요?
A: 네, 그렇습니다. 저녁으로 고구마를 먹고 운동 계획을 세우려고 합니다.
B: 아주 좋은 계획인 것 같습니다. 고구마는 특히나 다이어트에 좋다고 들었습니다.","A: 맞습니다, 하지만 사실 고구마를 좋아하지는 않아서 어렵긴 합니다.",Non-Sarcasm,이 대화는 A가 고구마를 건강식으로 선택했지만 좋아하지 않아 어려운 점을 진지하게 표현하고 있기 때문에 비꼼이나 풍자가 없다. 상황에 대한 솔직한 감정을 나누고 있어 진정한 의사소통으로 볼 수 있다.
134,"B: 요즘 식사로 무엇을 주로 드시나요?
A: 제가 원래는 라면 같은 면 요리를 좋아했는데, 요즘에는 그 맛이 변한 것 같아요.
B: 아, 그렇군요. 그럼 대신에 어떤 음식을 선호하시게 되었나요?
A: 한식을 더 많이 먹게 된 것 같아요. 특히 밥 반찬류가 정말 좋습니다.","B: 오, 그러니까 이제 한식을 좋아하시게 된 건가요? 정말로 놀라운 일이네요.",Sarcasm,"B의 한식 선호도 증가에 대한 말을 듣고, A가 이를 놀라운 것처럼 가장 비꼬아 말한다."
135,"B: 요즘 가게 장사는 잘 되나요?
A: 아뇨, 잘 안되고 있어요. 그래서 이번에 큰 할인 이벤트를 준비했습니다.
B: 그렇군요, 뭐라고 할인하는 건가요?
A: 제품 하나 사면 덤으로 하나 더 주는 건데, 가격은 깎아서 엄청 낮게 해놨어요.","B: 오, 그러면 거의 공짜로 주는 꼴이네.",Non-Sarcasm,이 대화는 A가 할인 이벤트를 진지하게 설명하고 B가 이에 대해 긍정적인 반응을 보이기 때문에 비꼬거나 풍자가 아닌 진정한 의사소통이다. B는 A의 할인 제안을 듣고 기뻐하는 모습이 나타난다.
136,"A: 장교님, 제가 알기론 귀하께서는 탱크 조종 경험도 있으신 것 같던데요?
B: 네, 그렇습니다. 제가 병과 중에서 탱크 지휘와 조종을 담당했습니다.
A: 아, 그러시군요. 그럼 포반장이신 분과도 함께 하셨나요?","B: 네, 맞습니다. 포반장과도 많이 협력해 보았습니다.",Non-Sarcasm,"이 대화는 두 사람이 서로의 경험과 역할에 대해 구체적으로 질문하고 답변하는 형태로 진행되며, 진지하고 명확한 의사소통을 하고 있어서 비꼬거나 풍자하는 것이 아니다. 각자의 직무에 대한 정보 공유를 통해 서로의 이해를 돕고 있다."
137,"A: 최근에 무슨 게임을 즐기시나요?
B: 요즘 유튜브에서 게임 관련 콘텐츠가 인기 있더군요. 그래서 말랑말랑 개그 게임과 폴가이즈 게임을 추천드립니다.
A: 아, 그 두 게임은 협동 콘텐츠와 소통이 중요하다고 들었어요. 그런데 저는 사람들과 소통하는 것이 어려워서...
B: 그렇다면, 혼자서 즐길 수 있는 게임을 찾아보는 것도 좋을 것 같네요.","A: 아, 그럼 저 혼자서도 협동 콘텐츠를 즐길 수 있겠군요.",Non-Sarcasm,이 대화는 상대방이 진지하게 게임 추천을 하고 A가 자신의 어려움을 솔직하게 표현하는 등 서로의 의견을 교환하며 문제를 해결하려고 하기 때문에 non-sarcasm이다. 대화의 전개가 진지한 주제를 다루고 있어 비꼬거나 풍자하지 않는다.
138,"B: 강아지 간식 어떤 걸로 사야 할까?
A: 아, 그거 알아. 고기 맛 간식이 제일 좋대. 내가 찾아본 거야.
B: 그래? 좋은 정보네. 아 그리고 발톱 깎기도 해줘야 하는데, 어떻게 하지?
A: 그거는 내가 한 번도 안 해봐서 잘 모르겠어.","B: 아, 정말? 다행이네, 우리 강아지 발톱이 무한정 자라는 거였으면 어쩔 뻔했어.",Sarcasm,"발톱 깎기를 한 번도 안 해본 상대방의 말에 실제로는 부정적인 상황인데, 이 상황을 긍정적인 방향으로 비꼬아 말한다."
139,"B: 여기 숙소 어때? 다들 마음에 들어?
A: 음... 나는 괜찮은데. 근데 이 침대, 좀 작지 않아?
B: 그래? 네 명이 같이 묵을 수 있을 만큼 큰 것 같은데.
A: 아니, 내 말은 이 침대에 우리 네 명이 다 누울 수 있을까 싶어서 말이야.",B: 이러면 가족이랑 더 가까워질 수 있겠네!,Non-Sarcasm,"이 대화는 두 사람 간의 현실적인 숙소에 대한 의견 교환이 이루어지고 있으며, 서로의 의견을 존중하는 모습이 나타났다. A가 침대 크기에 대해 진지하게 질문하자 B도 그에 맞춰 긍정적으로 반응하였으므로 비꼬거나 풍자의 기미가 없다."
140,"A: 저기요, 제가 시키던 음식 왜 안 와요?
B: 죄송합니다. 지금 키친이 좀 바빠서...
A: 이미 30분이 넘었는데 얼마나 더 기다려야 돼요?
B: 정말 죄송합니다. 좀 더 기다려주시면 바로 나올 것 같습니다.","A: 아니야, 여기서 앉아 있으면서 기다리는 게 제 취미니까.",Sarcasm,"식당에서 음식이 늦게 나오는 상황에서, 상대방이 더 기다려달라고 했을 때, 이를 '좋아하는 일'로 비꼬아서 말한다."
141,"A: 오늘 약속이 언제였지?
B: 노랑의 약속? 오늘 아침 10시였는데?
A: 아니, 저녁 7시로 알고 있었는데?
B: 그게 어제 말했던 건데 오늘은 아침에 보기로 했었잖아.","A: 아, 너무 미안해. 내 메모장이 고장 난 것 같아.",Non-Sarcasm,이 대화는 A가 B의 말을 오해한 상황에서 A가 진지하게 사과하고 자신의 실수를 인정하기 때문에 non-sarcasm으로 볼 수 있다. 대화의 톤과 내용은 서로의 의사소통을 존중하며 진지하게 이뤄지고 있다.
142,"A: 라면 먹고 싶다. 여기 제주에서 맛있는 라면집 있나?
B: 여기 제주도라 해물 라면을 찾아봐. 
A: 해물 라면? 그게 맛있을까?
B: 어, 맛있어. 해물이 들어가니까 풍미가 깊어져.","A: 아, 그래서 그 맛이 어떨지 궁금해 죽겠네.",Non-Sarcasm,"이 대화는 A가 B의 추천에 대해 진지하게 질문하고, B가 그에 대해 긍정적으로 답변하는 구조로 되어 있어 진정한 의사소통을 담고 있다. A의 마지막 발언은 해물 라면의 맛에 대한 진심 어린 호기심을 표현하며, 비꼬기나 풍자가 아닌 진솔한 대화임을 보여준다."
143,"B: 비가 오는 날에는 어떤 음식을 좋아하시나요?
A: 저는 특별히 비 오는 날에 먹고 싶은 음식이 없습니다. 아무거나 먹어요.
B: 저는 비가 오면 뭔가 찌개류나 탕류를 먹고 싶어지더라고요. 그런 음식이 따뜻해서 그런지 기분이 좋아져요.
A: 그럴 수 있죠. 저는 오히려 비가 오면 그냥 잠이 오더라고요. 음식보다는 잠을 자고 싶어져요.","B: 아하, 잠도 하나의 좋은 '음식'이겠네요.",Non-Sarcasm,이 대화는 서로의 취향을 진지하게 공유하며 의견을 나누고 있기 때문에 비꼬지 않고 직접적이다. 대화의 흐름에서 두 사람은 서로의 생각에 반응하며 진솔한 대화를 이어갔다.
144,"A: 디즈니의 실사영화에 대해 어떻게 생각하십니까?
B: 사실 애니메이션으로 봤던 기억이 너무 강해서 실사영화는 좀 어색하게 느껴져요.
A: 그렇군요. 하지만 디즈니는 다양한 인종의 배우를 캐스팅하여 인종차별 문제에 대한 시사점을 제공했다고 생각하지 않으십니까?
B: 그런 부분은 인정합니다. 하지만 개인적으로는 아직 실사영화가 애니메이션에 비해 부족하다고 느껴져요.","A: 아직 디즈니 실사영화가 애니메이션에 비해 부족하다니, 참 신선한 시각이십니다.",Sarcasm,"마지막 B의 발언에서 실사영화가 아직 애니메이션에 비해 부족하다고 했을 때, 이를 긍정적인 측면으로 비꼬아서 말한다."
145,"B: 요즘 코로나 때문에 대형마트도 가지 못하고 배달 이용도 줄여야 하는데, 생필품을 어떻게 저렴하게 구입하시나요?
A: 아, 저는 그래서 생활비를 줄이기 위해 직접 농사를 지어보기로 했습니다.
B: 진짜요? 아주 작은 텃밭도 갖추실 수 있나요?
A: 아니요, 그렇게 크게는 못하지만... 집안에서 작은 식물들을 키우는 거죠. ","B: 와, 정말 자급자족의 삶을 살아가시는군요. 대단하세요!",Sarcasm,실제로는 돈이 없어서 작은 식물들을 키우는 것을 농사지은 것처럼 말하는 B의 행동을 무리하게 해야 하는 상황을 긍정적으로 비꼬아 말한다.
146,"A: 요즘 부부 사이는 어떠세요?
B: 아니 그게 뭐, 힘들어요. 
A: 왜 그런데요? 문제가 생기셨나요?
B: 아니요, 아내가 이제 '꿀벌'이라고 부르라는데요. 뭔 소리인지...",A: 그거 정말로 창의적이네.,Sarcasm,"아내의 애칭을 꿀벌로 바꾸는 것이 실제로는 부정적인 상황인데, 이를 긍정적인 방향으로 비꼬아 말한다."
147,"A: 안녕하세요. 오랜만에 연락드려서 죄송합니다.
B: 아니에요. 어떻게 지내셨어요?
A: 그냥 그래요. 코로나 때문에 친구들도 자주 보지 못하고 있어요.
B: 저도 마찬가지입니다. 그런데 어떤 일로 연락하셨는지요?
A: 새로 개봉한 영화가 있는데 같이 가서 볼 생각이었어요.
B: 그런데 지금 코로나 상황인데 영화관에 가는 게 맞을까요?","A: 네, 그러게요. 최고의 시기에 최고의 아이디어네요.",Sarcasm,"코로나 상황에서 영화관에 가자고 제안하는 상대방의 제안을 실제로는 위험한 상황이지만, 이를 굉장히 좋은 아이디어인 것처럼 비꼬아 말한다."
148,"B: 저는 요즘 온라인 동영상 서비스를 이용하고 있는데요.
A: 아, 그러시군요. 어떤 서비스를 이용하시나요?
B: 쿠팡 플레이와 유튜브 프리미엄을 이용하고 있습니다.
A: 두 개 다 이용하시나요? 그렇다면 어느 쪽이 더 나으신가요?
B: 둘 다 장단점이 있지만, 쿠팡 플레이는 한 달에 요금을 내야 하는데 유튜브 프리미엄은 광고 없이 이용할 수 있어서 좋습니다.","A: 아하, 유튜브 프리미엄이 그렇게 공짜로 제공해 주는 거군요.",Non-Sarcasm,"이 대화는 서로의 취향과 경험에 대해 진지하게 논의하고 있으며, A는 B의 설명을 이해하고 정보에 기반해 질문하고 있기 때문이다. A는 비꼬지 않고 진정으로 유튜브 프리미엄의 장점을 받아들이고 대화에 참여하고 있다."
149,"A: 최근에 볼 만한 영화가 많이 나왔는데 극장에 가보셨나요?
B: 아니요, 요즘은 집에서 영화를 보는 편이에요.
A: 그런데 집에서 보는 것보다 극장에서 보는 게 더 재미있지 않아요?
B: 사람이 너무 많아서 가기 어렵더라고요.",A: 그래도 사람들과 함께 보는 재미가 있지 않을까요?,Non-Sarcasm,"이 대화는 상대방의 의견에 대해 반론을 제기하는 방식으로 진행되며, 서로의 생각을 진지하게 나누고 있기 때문에 비꼬지 않고 직접적으로 의사소통하고 있다. B가 극장에 가기 어려운 이유를 설명한 후 A가 그에 대해 다른 관점을 제시하는 모습에서 서로의 의견을 존중하는 대화가 드러난다."
150,"B: 이번 주말 날씨가 어떤가요?
A: 아주 추워질 것 같습니다. 겨울이 오는 거 같아요.
B: 아, 그럼 겨울옷을 준비해야겠네요. ",A: 그래야겠어요. 저는 추운 날씨를 정말 좋아하는데요.,Non-Sarcasm,"이 대화는 상대방의 질문에 대해 진지하게 날씨를 설명하고, 이후 개인의 취향에 대해 진솔하게 반응하고 있어 비꼬거나 풍자하지 않았다. 또한 대화의 흐름이 자연스럽고 진정성이 느껴진다."
151,"A: 어제 축구 경기 봤어?
B: 응, 한국 팀 경기 말하는 거야?
A: 그래. 아쉽게도 우리 팀이 졌지만 이번에 새로 들어온 선수들이 잘하더라고.
B: 맞아. 특히 그 미드필더가 엄청 뛰어댔지.","A: 응, 그래서 다음 경기에는 꼭 이길 거라고 생각해.",Non-Sarcasm,이 대화는 상대방의 의견에 대한 공감과 미래에 대한 긍정적인 예상을 포함하고 있어 진지하고 직접적인 의사소통으로 해석했다. 또한 비판이나 풍자가 없이 서로의 생각을 존중하며 대화를 이어가고 있다.
152,"B: 운동은 얼마나 하고 계시나요?
A: 사실 제가 자주 하는 편은 아닙니다. 그래도 최근에는 링이 트나 홈트를 시작해 보려고 계획하고 있어요.
B: 그렇군요. 근력운동이나 스트레칭은 정말 중요하니까요.
A: 맞아요. 사실 김종국 님의 운동 유튜브를 보면서 골드 버튼을 받으셨다는 소식을 들었는데, 제가 그런 성과를 내기에는 멀었어요.","B: 아니요, 이미 골드 버튼이 보이는 것 같은데요?",Sarcasm,"B가 김종국처럼 운동으로 성과를 내기 어렵다고 말했을 때, 이를 김종국의 성과를 이미 달성한 것처럼 비꼬아 말한다."
153,"A: 요즘 어떤 일로 고민이 많으신가요?
B: 아, 저는 강아지를 키우고 싶은데, 어떤 종류의 강아지를 키울지 고민이에요.
A: 그렇군요. 특정 종류를 원하시는 건가요?","B: 네, 원래는 시베리아허스키를 키우고 싶었는데, 저희 집에는 그렇게 큰 개를 키울 여건이 안 되어서요.",Non-Sarcasm,"이 대화는 A가 B의 고민에 대해 진지하게 질문하고, B가 자신의 상황을 솔직하게 설명하고 있기 때문에 비꼬는 것이 아니라 진정한 의사소통이 이루어졌다. 이들은 서로의 의견과 고민을 존중하며 대화하고 있다."
154,"A: 여가 시간에 어떤 활동을 좋아하십니까?
B: 저는 도시를 산책하는 것을 좋아합니다. 건물과 사람들, 그리고 그들의 활기찬 생활을 보는 것이 좋습니다.
A: 그럼 특히 어떤 도시를 좋아하십니까?
B: 저는 솔직히 말해서 서울이 제일 좋습니다. 서울은 항상 흥미롭고 다양한 사람들과 문화가 있습니다.
A: 그러면 여가 시간에 서울에서 어디를 가장 자주 방문하십니까?
B: 통계적으로 말하자면, 저는 제일 자주 강남역을 방문합니다. 거기서의 북적거림이 좋습니다.","A: 아, 그래서 강남역의 북적거림이 참 매력적이라고 생각하시는군요.",Non-Sarcasm,"이 대화는 두 사람이 서로의 취미와 선호를 진지하게 이야기하고 있으며, 상대방의 의견에 공감하는 모습을 보이므로 sarcasm이 아니다. 또한, 질문과 대답이 자연스럽고 직접적으로 이어져 진정한 관심이 담겨 있다."
155,"A: 오늘 킥보드 타고 왔나요?
B: 네, 가까운 대여소에서 빌려서 왔습니다.
A: 그럼 킥보드 앱을 쓰시면 데이터 소비가 많아지지 않나요?
B: 그렇게 크게 데이터를 많이 쓰지는 않는 것 같아요. ",A: 그럼 데이터 걱정 없이 편히 쓸 수 있겠네요.,Non-Sarcasm,"이 대화는 상대방의 질문에 대해 사실적인 대답을 주고받고 있으며, 대화 내용이 서로의 의견이나 경험을 공유하는 형식으로 진행되기 때문에 비꼬는 것이 아닌 진지한 의사소통이다."
156,"A: 나 어릴 때 롤 좋아했거든?
B: 롤이요? 그럼 지금은 안 하시는 건가요?
A: 아냐. 어릴 때 막 좋아하고 엄청 했었는데 이제는 시간도 없고 재미도 없어서 그만뒀어.
B: 그래요? 저는 게임을 별로 안 해봐서 모르겠네요.",A: 아 그래? 아쉽다. 네 생각력이나 반응속도를 개선할 수 있는 기회를 포기한 거잖아.,Sarcasm,상대방이 이제는 게임에 재미를 느끼지 못한다는 말에 대해 게임이 능력을 향상시키는 도구라고 비꼬아 말한다.
157,"A: 저기요, 이 운동화 재입고는 언제쯤 되나요?
B: 죄송하지만 그 운동화는 제조사에서 생산을 중단했어요. 재입고가 어렵습니다.
A: 아 그런데 제가 이 모델을 찾아보니까 다른 곳에서도 품절이더라고요.","B: 네, 그래서 더욱 재입고가 어렵습니다.",Non-Sarcasm,"이 대화는 상대방이 질문을 하고 그에 대해 정확한 정보를 제공하는 형태로 진행되어, 의견이나 감정을 비꼬지 않고 진지하게 의사소통하고 있어 non-sarcasm이다. B는 A의 질문에 대해 명확한 사실을 전달하고 있으며, 대화 내용에는 비꼼이 없다."
158,"B: 오랜만에 뵙네요. 어떻게 지내셨어요?
A: 그냥 그래요. 일이 좀 바빠서 힘들었어요.
B: 그래요? 일이 어떤 건가요?
A: 저는 일본어를 사용하는 일을 하고 있어요. 
B: 아, 그런데 여기는 한국 아닌가요? 일본어를 쓰는 일이라니, 재미있겠네요.
A: 네, 그런데 제가 조금 불안해요. 만약에 다른 직장을 찾아야 한다면 제 경력이 단절될 것 같아서요.","B: 아, 경력 단절을 걱정하시다니, 신선하네요.",Non-Sarcasm,"이 대화는 상대방이 진지하게 안부를 묻고, A가 자신의 상황을 솔직하게 이야기하며 진지한 고민을 털어놓는다. B의 반응은 A의 걱정에 대한 이해를 나타내며 조롱이나 비꼬는 표현이 전혀 없으므로 non-sarcasm이다."
159,"A: 요즘 무더운 날씨에 어울리는 노래가 뭐가 있을까요?
B: 저는 여름에 어울리는 노래로는 데이식스의 '여름 소리'를 추천하고 싶네요.
A: 아, 데이식스의 노래 좋아하시나요?
B: 아니요, 사실 그들의 음악을 들어본 적은 없습니다. ","A: 오, 듣지도 않은 노래를 추천해 주시다니 정말 감사합니다.",Sarcasm,B가 데이식스의 노래를 추천하면서 사실 들어본 적이 없다는 말에 A가 신뢰할 만한 의견인 것처럼 비꼬아 말한다.
160,"A: 요즘 운동을 하시는군요?
B: 네, 조금씩 근력운동을 해보고 있습니다.
A: 힘들지 않으세요? 근력운동은 몸에 부담이 많이 가는 걸로 알고 있어요.
B: 처음에는 어려웠지만, 지금은 꾸준히 하니까 좋아요. 심지어 몸매도 좋아진 것 같아요.","A: 아, 정말요? 몸매 변화라니, 참 대단하시네요.",Non-Sarcasm,"이 대화는 서로의 운동 경험에 대해 진지하게 이야기하고 있으며, A가 B의 노력과 성과를 긍정적으로 평가하므로 비꼬는 의도가 전혀 없다. B의 답변 또한 자신의 경험을 진솔하게 전달하고 있다."
161,"A: 이제 날씨도 추워져서 감기 조심해야겠어.
B: 그니까. 나는 가습기도 샀고, 커튼도 설치했어.
A: 가습기? 그게 뭐야?
B: 너도 모르니? 그냥 공기를 좀 더 촉촉하게 만들어주는 거야. 피부에도 좋고, 감기도 예방해.","A: 우와, 정말 신기하다. 이런 기술이 세상에...",Non-Sarcasm,이 대화는 A가 B의 설명에 진심으로 놀라워하고 흥미를 느끼며 질문을 하는 모습이 나타나기 때문에 비꼬는 표현이 아니다. A와 B의 대화가 서로의 의견과 정보를 진지하게 주고받는 과정임을 보여준다.
162,"B: 미술동아리 모임, 어떻게 됐어?
A: 아, 그거 귀찮아서 안 갔어.
B: 진짜? 나중에 후회하지 않을 거야?
A: 그럴 리가 없지. 미술은 좋아하는데, 사람들 만나는 게 너무 귀찮아서.",B: 그럼 혼자 미술관에서 살지 그래?,Non-Sarcasm,"대화에서 A는 친구들과의 만남을 귀찮아하고, 미술을 좋아하면서도 동아리에 참석하지 않은 이유를 솔직하게 설명했다. B는 A의 대답에 반응하며 제안하는 방식으로 대화를 이어갔기 때문에 두 사람 모두 진지한 톤으로 대화하고 있었다."
163,"A: 당신이 반려동물을 기르고 계시다는 걸 들었어요. 어떤 동물인가요?
B: 제가 햄스터와 강아지를 함께 기르고 있어요.
A: 그렇군요, 그런데 햄스터와 강아지는 함께 잘 지낼 수 있나요?
B: 사실 둘은 서로에게 관심이 없어서 잘 지내고 있어요.",A: 정말 멋진 상호 존중의 관계네요.,Sarcasm,햄스터와 강아지가 관심이 없다는 상황을 긍정적으로 서로를 존중한다고 비꼬아 말한다.
164,"A: 최근에 대림 지역의 마라탕이 일반 마라탕과 다르다고 하던데, 드셔보셨나요?
B: 아직 기회가 없었는데, 특별히 어떤 점이 다르다고 하나요?
A: 저도 정확하게는 모르겠지만 중국에서 먹는 그 맛이 난다고 합니다. 
B: 그럼 진짜 중국에서도 그런 음식을 먹어볼 수 있겠네요.
A: 맞아요. 이런 대화를 나누니까 중국 음식 프로그램에 대한 관심이 생기네요.
B: 저는 망고도 좋아하긴 하는데, 매일 먹으면 살이 찔 것 같아서 걱정이에요.
A: 그래도 맛있는 걸 먹는 것은 복이죠.","B: 네, 정말로 맛있는 걸 먹으면 복만 올까요?",Sarcasm,"A의 마지막 발언에 대해, 사실상 맛있는 음식을 많이 먹으면 살이 찔 수 있다는 걱정을 비꼬아 말한다."
165,"B: 요즘 어떤 걸로 시간 보내세요?
A: 저는 유튜브로 반려동물 영상을 많이 보는 편입니다.
B: 그럼 반려동물을 키우시나요?
A: 아니요, 저는 반려동물을 키울 만큼 시간이나 여유가 없습니다.",B: 그러면 유튜브에서 반려동물을 키우는 것도 충분히 재미있겠군요.,Sarcasm,반려동물 영상을 많이 보는 것과 실제로 반려동물을 키울 여유가 없다는 상황의 모순성을 포착하여 그것을 비꼬아 말한다.
166,"A: 와, 우리 여행 계획 꽝이네.
B: 그러게요. 비가 너무 많이 오니까 우포늪 가는 건 취소해야겠어요.
A: 아니 그럼 뭐 하러 왔어? 다른 곳 가자.
B: 그냥 집으로 돌아가는 게 낫겠어요.","A: 아, 휴가 중에 집에서 놀기, 최고의 계획이잖아.",Sarcasm,비 오는 날 여행을 취소하고 집으로 돌아가겠다는 상대방의 행동을 휴가를 즐기는 것처럼 비꼬아 말한다.
167,"B: 요즘 다이어트 계획이 어떻게 되어가시나요?
A: 그래요, 저번 주에 헬스클럽에 가입하고 꾸준히 운동하려고 노력 중입니다.
B: 아, 정말 좋으시네요. 저도 헬스클럽에서 운동하는 걸 좋아하는데, 어떤 운동을 하고 계시나요?
A: 대부분 러닝머신으로 유산소 운동을 하고 있어요. 하지만 주말에 친구들과 술자리가 있어서 좀 힘들긴 해요.","B: 아, 술도 역시 칼로리 소모에 도움이 되니까 좋은 선택이시네요.",Sarcasm,"상대방이 술자리 때문에 다이어트가 힘들다고 했을 때, 실제로는 술자리가 부정적인 영향을 주는데, 이를 긍정적으로 비꼬아 말한다."
168,"A: 오늘 날씨 어떠세요?
B: 흐리고 구름이 많아서 해는 잘 안 보이지만 미세먼지가 없어서 상쾌하네요. 그런데 실내는 여전히 추워요.",A: 그럼 우리 집을 냉장고로 사용할 수 있겠군요.,Sarcasm,"비록 실내가 추운 상황이지만, 이를 긍정적으로 해석하여 날씨가 차가워 식품 보관에 좋다고 비꼬아 말한다."
169,"A: 이번 학기 시간표 잘 짰어?
B: 그런데 말이지, 녹화 강의랑 실시간 강의 시간이 겹쳐서 좀 고민 중이야.
A: 어떡해? 그럼 하나는 포기해야 되겠네.
B: 어, 그럴 수도 없고. 둘 다 필수 과목이라서.",A: 그럼 넌 이제 시간을 둘로 나눠 쓸 수 있겠네!,Sarcasm,"두 과목이 모두 필수 과목이라서 하나를 포기할 수 없다는 상황을 통해, 상대방이 두 가지 일을 동시에 할 수 있을 것처럼 비꼬아 말한다."
170,"B: 오늘 날씨 정말 추웠어요.
A: 네, 감기 조심하세요. 특히 이런 날씨에는 건강 관리가 중요하죠.
B: 맞아요. 그런데 생각해 보니, 수능 때도 이런 추운 날씨였던 것 같아요.
A: 아, 그러게요. 수험생들에게는 정말 힘들었을 것 같아요.
B: 그래도 그날은 어떻게든 참고 시험을 볼 수 있었어요. 오늘 같이 춥다면 어떻게 해야 할지 모르겠네요.","A: 아, 그럼 오늘 같은 날씨에는 더 집중력이 높아져서 공부가 잘될 것 같아요.",Sarcasm,"마지막으로 A가 말한 '오늘 같이 춥다면 어떻게 해야 할지 모르겠네요'라는 말에 대해 실제로는 부정적인 상황인데, 이 상황을 긍정적으로 비꼬아 말한다."
171,"A: 어제 쇼핑하러 가셨다고 들었습니다. 무엇을 구매하셨나요?
B: 네, 의류와 신발을 새로 구매했습니다.
A: 아주 좋은 선택이었겠네요. 특히 어떤 브랜드의 제품을 선택하셨나요?
B: 음.. 저는 브랜드를 크게 신경 쓰지 않아요. 그냥 저렴하고 예쁘다 싶은 걸로 골랐습니다.","A: 아, 저도 그런 저렴한 브랜드들을 찾아서 구매하는 게 최고의 쇼핑 전략이라 생각합니다.",Sarcasm,"실제로는 저렴한 제품을 선택했지만, 이를 마치 고가의 명품을 구매한 것처럼 비꼬아 말한다."
172,"A: 당신은 주식에 관심이 많으신가요?
B: 네, 도서관에서 주식 관련 책을 많이 읽어봤습니다.
A: 그렇군요. 그럼 투자에 대한 좋은 팁이 있을까요?
B: 아니요, 저는 아직 주식에 대해 배우는 중입니다. 실제로 투자를 해본 적은 없습니다.","A: 정말 대단하시네요, 실제 투자 없이도 주식 전문가가 될 수 있다니.",Sarcasm,B가 주식에 대한 지식을 많이 가지고 있지만 실제 투자 경험이 없다는 사실을 부정적으로 비꼬아 말한다.
173,"B: 이번 주말에 어떤 계획이 있으신가요?
A: 저는 내일 페리카나 치킨을 먹으려고 합니다. 비비큐 치킨이 제일 좋아요.
B: 비비큐 치킨을 소금에 찍어 드시나요?
A: 네, 소금에 찍어 먹는 것을 선호합니다. 저녁에는 치맥으로 즐기려고요.","B: 아, 당신은 진짜 치킨의 참맛을 아는 분이시군요. 다음에는 치킨 전문 식당을 차리시는 게 어떨까요?",Non-Sarcasm,"이 대화는 상대방이 A의 치킨 선호에 대해 진지하게 반응하고, A의 생각을 존중하며 추가적인 제안을 하고 있기 때문에 비꼬거나 풍자가 아니다. A는 자신의 의견을 직접적으로 표현하고, B도 이에 대해 긍정적으로 반응한다."
174,"A: 어제 그 비싼 레스토랑에서 먹은 거 어땠어?
B: 그럭저럭 맛있긴 했지만 가격이 너무 비싸더라.
A: 그래? 얼마나 비싼데?
B: 일 인분 메뉴에만 만 원이 넘어.",A: 그럼 네가 지갑을 다이어트 시키려고 그런 거구나!,Sarcasm,"음식이 비싸다는 것에 대해 실제로는 부정적인 상황인데, 이 상황을 긍정적인 방향으로 비꼬아 말한다."
175,"B: 요즘 뭐 하고 놀아?
A: 슈거 크래프트 공예에 빠졌어. 너무 재밌더라고.
B: 오 진짜? 처음부터 다 잘해?","A: 아니야, 책 사서 배우고 있어. 근데 너무 어렵다니까.",Non-Sarcasm,"이 대화는 A가 슈거 크래프트 공예에 대해 진지하게 이야기하고 자신의 경험과 어려움을 솔직하게 표현하고 있어 비꼬는 말투가 없다. 또한, B도 A의 대답에 관심을 가지고 질문을 하므로 대화의 맥락이 진정성 있다."
176,"A: 이번에 새로운 직장을 찾으시는 건가요?
B: 네, 그런데 무슨 직업을 선택해야 할지 고민이에요.
A: 무슨 직업을 원하시나요?
B: 저는 사실 뭐든지 할 수 있어요. 그런데 자신감이 없어서 그런 것 같아요.","A: 그럼, 자신감이 가득 차 있는 사람보다도 더 자신감이 넘치시네요.",Sarcasm,"마지막에 B가 자신감이 없다고 말했는데, 이를 비꼬아 자신감이 넘치는 것처럼 표현한다."
177,"A: 요즘 날씨가 정말 춥습니다, 네?
B: 그렇습니다. 너무 추워서 몸이 저리는 것 같습니다.
A: 더불어서 사무실 내의 조직개편으로 인해 불편함을 겪고 계신 거 같아 보이시네요.
B: 네, 그런 건 어쩔 수 없는 것 같아요. 인간관계란 참 복잡하죠.",A: 그래도 이런 추운 날씨와 조직개편은 새로운 변화와 도전을 주는 좋은 기회가 아닐까요?,Non-Sarcasm,"이 대화는 상대방의 어려움에 공감하며 긍정적인 시각을 제시하기 때문에 비꼬는 톤이 아니라 진지한 의사소통이다. 또한, 두 사람 모두 서로의 감정을 이해하고 진솔하게 대화하고 있다."
178,"A: 요즘 어떤 책 읽고 계세요?
B: 저는 사실 요즘 오디오북에 빠져 있어요.
A: 오디오북이요? 특별히 어떤 장르를 선호하시나요?
B: 최근에는 SF 장르의 책을 주로 듣고 있어요. 지식을 넓히는 데 도움이 되더라고요.","A: 와, SF 책 듣고 있으니까 우리가 다음에 외계인 만나도 대처할 수 있겠군요.",Sarcasm,"상대방이 SF 장르의 책을 들으며 지식을 넓힌다고 말했을 때, 그것이 실제로 그럴지에 대한 의심을 표현하며 상황을 비꼬아 말한다."
179,"B: 어제 백신 맞고 오늘 필라테스 갔다 왔어?
A: 응, 그래서 너무 힘들었어.
B: 그럼 왜 갔어? 백신 맞고 몸이 힘들면 쉬는 게 좋지 않아?
A: 나도 그럴까 했는데, 굳이 가보고 싶었어.",B: 정말 건강에 열정적이구나.,Sarcasm,"B가 백신을 맞고 몸이 힘들었음에도 불구하고 필라테스를 하러 간 상황을 실제로는 부정적인 상황인데, 이를 긍정적인 방향으로 비꼬아 말한다."
180,"B: 보성에 가본 적이 있으신가요?
A: 아니요, 그러나 제가 여행하고 싶어 하는 곳 중 하나입니다.
B: 보성은 참 아름다운 곳이에요. 특히 녹차밭이 너무나 매력적입니다.
A: 그런 것 같아요. 다음에는 보성을 방문해야겠어요. 
B: 그리고 다른 여행 지도 계획하고 계시나요?
A: 아직은 정하지 않았습니다. 아마 보성을 가보고 난 후에 결정할 것 같아요.",B: 그럼 여행지 선택의 재능이 있어 보이시네요.,Sarcasm,"상대방이 다른 여행지를 아직 정하지 않았다는 말에, 그것을 다른 여행지를 선택할 수 있는 능력이 없다는 의미로 비꼬아 말한다."
181,"B: 백신 2차 맞으러 가셨나요?
A: 아니요, 아직입니다. 사실 2차 백신이 좀 걱정되네요.
B: 왜 그러시죠? 특별한 이유가 있나요?
A: 그냥 저는 백신 부작용에 대한 뉴스를 너무 많이 들어서요. 그리고 친구도 2차 백신 후에 꽤 힘들어했더라고요.","B: 아, 그렇군요. 뉴스와 친구의 경험이 전문 의사보다 더 신뢰할 만하니까요.",Sarcasm,A가 부작용 때문에 두려워하는 B의 상황을 이해하면서도 뉴스와 친구의 경험을 전적으로 신뢰하는 것을 약간 비꼬아 말한다.
182,"A: 어제 TV에서 흥미로운 영화를 보셨나요?
B: 네, 실제로 직관하러 가보려 했지만 코로나 때문에 못 갔어요.
A: 아, 그래요? 그럼 스포츠를 좋아하시나요?
B: 네, 특히 야구를 좋아해요.",A: 그럼 이제 매일 밤 TV 앞에서 야구를 즐기실 수 있겠네요.,Non-Sarcasm,"이 대화는 영화와 스포츠에 대한 직접적인 질문과 대답으로 구성되어 있으며, 각자의 취향과 경험에 대해 솔직하게 이야기하고 있기 때문에 non-sarcasm이다. 따라서 비꼬거나 풍자하지 않고 진지한 의도로 소통하고 있다."
183,"B: 최근에 TV 프로그램 중에 무엇을 좋아하시나요?
A: 저는 대탈출이랑 먹방 프로그램을 주로 보는 편이에요.
B: 대탈출은 어떤 점이 재미있으신가요?
A: 미로 같은 곳에서 탈출하는 과정이 신선하고 스릴 넘치게 느껴져서 좋아합니다.
B: 그럼 먹방 프로그램은 어떤 점이 좋으신가요?
A: 음식을 맛있게 먹는 모습을 보면 저도 같이 먹고 싶어지더라고요.","B: 대탈출의 스릴을 직접 체험하고, 먹방처럼 맛있게 음식을 먹는 건 어떠세요?",Non-Sarcasm,"대화에서 두 사람은 서로의 취향에 대해 진지하게 의견을 교환하고 있으며, 유머나 비꼬는 표현 없이 진솔한 대화를 나누고 있다. A의 설명에 B가 진지하게 반응하며 제안을 하고 있어 비꼬임이 없다."
184,"B: 요즘 모기가 많아진 것 같습니다. 어떻게 대처하고 계시나요?
A: 네, 집에 모기가 너무 많아서 이제는 모기약이나 모기장을 사용하려고 생각 중입니다.
B: 저도 그런 상황이었는데, 제가 사용하는 모기약은 별로 효과가 없더군요. 
A: 그래서 저는 이제 더 비싼 약을 사려고 합니다. 뭐든지 효과만 있으면 돈이 아깝지 않아요.",B: 그렇게 돈을 쓰면 모기들이 고마워하겠네요.,Sarcasm,"B가 모기약에 대해 비싼 약을 사면 효과가 있을 것이라는 믿음을 가지고 있는 것에 대해, 실제로는 비싼 약이라도 효과가 없을 수 있다는 것을 비꼬아 말한다."
185,"A: 요즘 뭐 읽어?
B: 난 막 읽는 스타일이라, 하루에 한 권씩 읽고 있어.
A: 오, 그렇게 많이 읽는데, 가장 재밌었던 책은 뭐야?
B: 그건 모르겠다. 너무 많이 읽어서 한 권을 선택하기 어려워.","A: 아하, 그래서 한 권도 제대로 기억나지 않겠다.",Sarcasm,"B가 많은 책을 읽었지만 하나를 선택하기 어려워하는 상황에 대해, 사실상 많은 책을 훑어보기만 하고 제대로 이해하지 못하고 있다는 것을 비꼬아 말한다."
186,"B: 결혼식은 잘 치러졌어?
A: 그럭저럭 잘 치러졌어. 첫 백일이랑 동시에 신혼여행 다녀올 계획이야.
B: 와, 둘이서 어디로 가는 거야?
A: 제주도로 가려고 해.
B: 와, 그건 좋겠다. 제주도에서 뭐 할 계획이야?
A: 아직 계획을 안 세웠어. 그냥 갈 생각이야.",B: 그럼 정말 무계획 여행의 진수를 느낄 수 있겠네!,Sarcasm,"신혼여행을 계획 없이 가겠다는 상대방의 말에 실제로는 부정적인 상황인데, 이를 긍정적인 방향으로 비꼬아 말한다."
187,"A: 이 피자랑 햄버거 다 네가 시켜놓고는 못 먹을 것 같아?
B: 아니야, 먹을 수 있을 것 같아. 그런데 왜?
A: 아무래도 좀 많이 시켜놓은 것 같아서.
B: 괜찮아. 배가 많이 고픈데.","A: 헉, 먹다가 배 터지지 않으면 다행이겠네.",Sarcasm,"B가 너무 많은 양의 음식을 주문했지만, 이를 모두 먹겠다고 주장하고 있음. 이를 긍정적으로 비꼬아 말함."
188,"A: 여기 도수가 낮은 발효주가 있습니다. 어떠신가요?
B: 저는 도수가 낮은 발효주보다는 좀 더 특별한 맛이 나는 음료를 선호하는 편입니다.
A: 그럼 어떤 종류의 음료를 선호하시나요?
B: 저는 써머스비, 초코 맥주, 매그너스 같은 맥주 종류나, 직접 발효시킨 소주나 안동소주, 대장부 같은 소주를 좋아합니다.",A: 그런 다양한 맛을 한 병에 모두 담은 음료를 찾기는 어려울 것 같네요.,Sarcasm,"상대방이 선호하는 음료의 종류가 다양하고 특이해서, 그런 맛을 모두 만족시키는 음료는 없을 것이라고 비꼬아 말한다."
189,"B: 요즘 가족들과 어떻게 지내고 계세요?
A: 둘째들이 성격이 좋아서 최근에는 싸우지 않고 지내고 있습니다. 
B: 아 그렇군요. 남동생이랑 언니도 잘 지내고 있나요?
A: 네, 둘 다 지친 상태지만 서로 잘 돌봐주고 있습니다.",B: 그럼 여유가 참 많으신 거네요.,Sarcasm,상대방이 지친 상태인데도 불구하고 잘 돌봐주고 있다는 말에 실제로는 힘들 것을 긍정적으로 비꼬아 말한다.
190,"A: 너는 옷이나 가방을 어디서 주로 사?
B: 저는 인터넷 쇼핑을 선호해요.
A: 그래? 왜지? 나는 오프라인에서 물건을 직접 봐야 마음이 편하던데.",B: 저는 인터넷 쇼핑이 더 편하더라고요. 그래서 이번에 가방도 인터넷에서 사려고요.,Non-Sarcasm,이 대화는 A와 B가 각자의 쇼핑 선호를 진지하게 이야기하며 서로의 의견을 존중하고 있어 비꼬거나 풍자하는 요소가 없다. B는 자신의 경험을 바탕으로 구체적인 이유를 설명하고 있으므로 진정한 의사소통으로 여겨진다.
191,"A: 오늘 뭐 하세요?
B: 아무 생각 없이 영상을 보고 있습니다.
A: 그런데 저는 영상을 볼 때 광고가 끼어들면 정말 짜증 나더라고요.",B: 저도 그렇습니다. 특히 중간에 끼어들면 정말 광고를 보는 게 너무 싫어집니다.,Non-Sarcasm,이 대화는 상대방의 감정과 경험에 대해 공감하는 내용이므로 진지하고 직접적인 의사소통이다. 두 사람 모두 광고에 대한 불만을 공유하며 솔직한 의견을 나누었다.
192,"A: 최근에 좋은 드라마가 있나요?
B: '경이로운 소문'이란 드라마가 요즘 인기가 많다고 들었습니다.
A: 아, 저도 그 드라마를 봤는데 정말 재미있더군요. 그래서 이번 주말에 한 번에 다 보려고 계획 중입니다.",B: 한 번에 모든 에피소드를 보신다고요? 아무래도 시간이 좀 걸릴 것 같은데 괜찮으실까요?,Non-Sarcasm,"이 대화는 상대방이 드라마에 대한 진지한 의견을 나누고 있으며, B가 A의 계획에 대해 걱정하는 모습을 보여준다. 이는 비꼬기나 풍자가 아닌 실제로 서로의 생각을 나누는 모습이다."
193,"A: 제가 지난주에 판매한 물건이, 어떤 사람이 10만 원에 산 거 알아요?
B: 그런 일이 있었군요. 그래서 어떻게 되었나요?
A: 그 사람이 내일은 5만 원에 팔려고 하더라고.
B: 그런가요? 왜 그런 생각을 하셨을까요?
A: 아마도 물건이 마음에 안 들어서 가격을 낮추려는 거 같아.","B: 정말로, 그런 사람은 비즈니스 천재군요.",Sarcasm,"물건이 마음에 들지 않아 가격을 낮추려는 상대방의 행동을 말하며, 그를 칭찬하는 것처럼 비꼬아 말한다."
194,"A: 어제 그 드라마 봤어?
B: 네, 저번 회보다는 좋았지만 여전히 별로였어요.
A: 주인공 배역이 맘에 안 들어?","B: 네, 연기도 그렇고 이야기 전개도 그렇고 별로예요.",Non-Sarcasm,"이 대화는 B가 드라마에 대한 자신의 솔직한 의견을 표현하고 있으며, 상대방의 질문에 직접적으로 답하고 있다. 비꼬는 표현이 없고, 진지한 의견 교환이 이루어졌다."
195,"A: 오늘 점심은 무엇을 드셨나요?
B: 아니야, 나 오늘 점심 굶었어.
A: 왜요? 식사를 거르면 건강에 좋지 않아요.
B: 다이어트 중이라서.","A: 그렇군요. 저는 역시 밥은 제때 먹어야 해서 아침, 점심, 저녁 다 챙겨 먹었어요.",Non-Sarcasm,"이 대화는 서로의 상황에 대해 진지하게 이야기하고 있으며, 특히 건강에 대한 우려를 나누기 때문에 비꼬는 것이 아니라 진정한 소통이라고 했다. B가 다이어트 이유를 설명하자 A는 그에 대한 자신의 생각을 직접적으로 전달했기 때문에 진지한 의사소통으로 볼 수 있다."
196,"A: 요즘 날씨가 여전히 덥지 않나요?
B: 네, 그렇지만 저녁이 되면 왠지 모르게 추워져서 창문을 닫고 잘 것 같아요.
A: 그렇군요, 아직은 계절의 변화를 느낄 수 없는 거군요.
B: 네, 정말로 그렇습니다. 낮에는 더운데 저녁이 되면 추워져서 많이 당황스럽습니다.",A: 아무래도 자연의 에어컨이 잘 작동하는 것 같군요.,Non-Sarcasm,이 대화는 상대방의 의견에 대해 진지하게 공감하며 날씨에 대한 정보를 주고받고 있어 비꼼이나 풍자가 없다. A는 B의 경험을 이해하고 자연현상을 진지하게 언급했다.
197,"A: 오븐과 와플기를 샀다고 들었습니다. 어떤 점이 가장 마음에 드시나요?
B: 그러니까요. 요리하기 정말 편리해졌어요. 뭐든지 만들 수 있으니까요.
A: 그럼 어떤 것들을 주로 만드시나요?
B: 아침에는 와플을 만들고, 점심에는 오븐으로 피자를 만들어 먹어요.
A: 정말 다양하게 활용하시네요. 다음에는 뭐를 만드실 계획이세요?
B: 오븐을 이용해서 스테이크를 한 번 도전해 볼 생각입니다.","A: 와우, 오븐으로 스테이크를 만든다니, 진짜 신세계네요.",Non-Sarcasm,"이 대화는 상대방의 요리 경험에 대해 진지하게 질문하고 답하는 형식이기 때문에 비꼬는 기색이 전혀 없다. 또한, 상대방의 계획에 대해 긍정적인 반응을 보이며 진심으로 관심을 가지는 모습이 드러난다."
198,"B: 돈가스와 치킨 중에 어떤 것을 더 선호하십니까?
A: 사실 저는 둘 다 좋아합니다.
B: 그렇군요, 하지만 둘 중에 선택해야 한다면 어떤 것을 선택하시겠습니까?
A: 아마도... 치킨일 것 같습니다.","B: 아, 정말 예상치 못한 선택이네요. 제가 아는 대부분의 사람들은 돈가스를 선택하던데요.",Non-Sarcasm,"이 대화는 상대방의 질문에 대해 진지하게 자신의 선호도를 설명하고 있으며, 선택에 대해 솔직하게 답변하고 있다. 또한, 상대방이 놀라움을 표현하는 부분도 유머가 아니라 사실적인 반응으로 보인다."
199,"B: 북엇국이랑 칼국수를 좋아하시나요?
A: 응, 난 그럭저럭. 너는?
B: 저는 정말 좋아합니다. 그래서 저녁에 해먹을까 생각 중이에요.
A: 집에서 해먹을 수 있어? 나는 안되던데.","B: 아주 어렵네요, 물을 끓이는 것처럼 말이죠.",Sarcasm,"상대방이 북엇국과 칼국수를 집에서 만들 수 없다고 했을 때, 이를 간단한 것처럼 비꼬아 말한다."
